article,level,text,label,word_count,predicted_label,predicted_level,correct,length_group
Brazil,Intermediate,"Brazil experienced one of its biggest nights of protest in decades as more than 100,000 people took to the streets to express their frustration at aggressive policing, poor public services and high costs for the World Cup. The major demonstrations in Rio de Janeiro, São Paulo, Brasilia, Belem, Belo Horizonte, Salvador and elsewhere started peacefully, but several led to clashes with police and arson attacks on cars and buses. People complained, during previous, smaller protests against bus price increases, that police responded disproportionately with rubber bullets, tear gas and violent beatings. The rallies came at the same time as the start of the football Confederations Cup. The rallies brought together people who are frustrated with the rising costs and poor quality of public services, large amounts of money being spent on international sporting events, low standards of health care and wider unease about inequality and corruption. The vast majority of demonstrations were peaceful, but several police were injured, at least one car was overturned and burned, and windows were smashed. The unrest increased during the night as a large crowd set several fires outside a government office, smashed the building’s windows and painted graffiti on the walls that said “Revolution”, “Down with Paes, down with Cabral [the mayor and state governor]” and “Hate police”. Police inside responded with pepper spray. The reasons people were protesting varied widely. “We are here because we hate the government. They do nothing for us,” said Oscar José Santos, a 19 year old. “I’m an architect but I have been unemployed for six months. There must be something wrong with this country,” said Nadia al Husin. At a far smaller rally in Brasilia, demonstrators broke through police lines to enter the high-security area of the national congress. Several climbed onto the roof. In Belo Horizonte, police clashed with protesters who tried to get into a football stadium, which was hosting a Confederations Cup match between Nigeria and Tahiti. In Porto Alegre, demonstrators set fire to a bus and, in Curitiba, protesters tried to force their way into the office of the state governor. There were also rallies in Belem, Salvador and elsewhere. In São Paulo, large crowds gathered but reports said the marches were peaceful. Most protesters were young and, for many, it was their first experience of such a giant rally. “My generation has never experienced this,” said Thiago Firbida, a student. “Since the dictatorship, Brazilians never bothered to demonstrate like this. They did not believe they had a reason to. But now Brazil is once again in crisis, with a constant rise in prices, so people are finally reacting.” Comparisons have been drawn with rallies in Turkey and elsewhere. You could see another global link in the demonstrators who wore Guy Fawkes masks, associated with Anonymous and the Occupy Wall Street protests. Brazil’s demonstrations are being referred to as the “vinegar revolution” (after police arrested people for carrying vinegar to fight the effects of tear gas), as well as the “20-cent revolution” (due to the bus price rise) and the Passe Livre (after the demand for free public transport). Some said the protests felt un-Brazilian but liberating. “Our politicians need to see the strength we have as one people. Brazilians are too nice sometimes – they enjoy partying rather than protesting – but something is changing,” said Deli Borsari, a 53-year-old yoga instructor After people heard about the costs of new and refurbished stadiums on the news, the Confederations Cup football tournament has been one of the focuses of the protests. Before Saturday’s opening match in Brasilia, crowds of demonstrators were dispersed by riot police. Footage showed frightened Japanese supporters rushing from the area holding their children, as they heard the sound of shots – perhaps rubber bullets or tear gas. Another protest march, near Rio’s Maracana Stadium, also had a heavy police response. President Dilma Rousseff “believes peaceful protests are legitimate and proper for a democracy and that it is natural for young people to demonstrate.” However, the president was booed at the opening ceremony for the Confederations Cup. She faces a serious political challenge, both now and in 2014, when Brazil will not only host the World Cup but also have a presidential election.",1,703,2,Advanced,False,Long
Everest,Intermediate,"Kenton Cool can hardly speak. All the physical effort at high altitude has affected his voice. He is now in Kathmandu, the capital of Nepal – he flew down from Everest base camp that morning. Cool is talking about a startling sequence of climbs completed the previous weekend. Early on Saturday morning, he reached the summit of Nuptse, the first and lowest of the three main summits in the Everest “horseshoe” that surrounds the glaciated valley called the Western Cwm. That same day, he climbed up to the summit of Everest itself, reaching the top in complete darkness early on Sunday. He and his climbing partner then continued on to the summit of Lhotse, the third of this spectacular three-peaks challenge, on Monday morning. He says he took advantage of a rare opportunity. “For the first time since the late 1990s, there were fixed ropes on all three mountains,” he says. “That doesn’t take away the physical achievement of what I did. I’ve set the bar at a certain level. But whoever comes along next will move the bar further and do it without ropes or bottled oxygen.” Sixty years after Everest was first climbed, many of the media reports are looking back to Edmund Hillary and Tenzing Norgay and their age of innocence from the modern era of commercialism and environmental damage. I’ve asked Cool to look forward and imagine what top climbers might be doing 60 years from now. “I hate to think,” he says, but mentions the Swiss climber, Ueli Steck, who fled the mountain in April after an argument with a crowd of Sherpas at Camp 2. Steck, he says, was planning to climb Everest’s west ridge, first done in 1963, descend to the South Col and then immediately climb Lhotse via a new route, all without fixed ropes. “Ueli had been training like a machine,” Cool says. “He’s a fantastic climber. He’s technically brilliant but he had also taken his physical condition to the highest possible level. It would have been amazing to see what he could have done.” What will tourism look like in the Everest region in the future? One clue is in the stunning helicopter rescue by Simone Moro, Steck’s climbing partner, whose rude language caused the argument at Camp 2. Moro flew back to Everest on Tuesday at the controls of a high-powered helicopter to rescue a climber at an altitude of 7,800 metres. It was the highest rescue ever performed on Everest and highlights the huge rise in helicopter flights in recent years. By 2073, the infrastructure on the mountain might include a helipad on the South Col that would bring tourists. In the meantime, helicopters are making it easier to rescue both climbers and the far more numerous trekkers who go as far as base camp. It is not certain that the Everest region can continue to cope with a booming tourism sector, according to mountain geographer and environmentalist, Alton Byers. The combination of climate change and tourism, he says, is creating new stresses on the Sherpa homeland. The retreat, and in some cases disappearance, of glaciers in the Everest region is having a major impact already. “Everywhere you go, people are talking about how there’s less water. There’s less water for agriculture and less water for all the new lodges that are getting built.” In the Sherpa town of Namche Bazaar, he says, a new five-mile pipeline is being laid to bring water to service the growing tourist demand for showers and flush toilets. The local stream has become contaminated with human waste and does not provide enough water for a place that, in high season, is bursting at the seams. “Every village is digging a pit just beyond the houses for garbage. Khumbu has the highest landfill sites in the world,” he says. Human waste at base camp is now managed well and removed in plastic barrels. But, according to Byers, these barrels are emptied into a huge pit a few hours down the valley that could leak into the region’s watercourses. “These problems can be solved, but we need to get serious about it,” he says. “One climber can spend $85,000 climbing Everest. And that’s fine. But at some point we’re going to have to look at these other priorities. For half a million dollars a year, you could solve most of them.” Climate change is another issue. Byers works with local conservation committees to identify and plan for the impacts of climate change, most usually finding new water sources or introducing rainwater harvesting. The rapid build-up of glacial lakes is a constant threat – they threaten to burst and flood the Sherpa homeland. “At some point in the future, people are going to have to get out of their way.” Changing weather patterns are also having an impact on tourism. Increased cloud cover in periods of normally clear weather is closing Lukla Airport, the gateway to the Everest region, more often. A new road for 4x4s is being built to Lukla to guarantee the flow of tourists and their money, but Byers is worried that the rapid spread of the road network in Nepal is being done too cheaply, with disastrous consequences in terms of soil erosion and landslides. “Everest is the icon everyone knows,” he says. “It’s the perfect laboratory for figuring out how to solve some of these problems, like the impacts of climate change and tourism.”",1,904,2,Advanced,False,Long
Exercise,Intermediate,"‘Fit in four minutes’ sounds like a headline from a health magazine or an impossible promise on late-night satellite TV. Then you try Dr Izumi Tabata’s training programme – 20 seconds of allout effort, ten seconds of rest, repeat eight times – and, after collapsing on the floor, you realize you were wrong. Tabata has seen it all before. “They were dead!” he laughs as he remembers the first time he tried out his system on his university students in the early 1990s. “After four minutes’ hard exercise they were completely exhausted. But after six weeks they saw the results and were surprised. We all were.” He began his research after he watched Japan’s speed skating team in the early 1990s – he noticed that short bursts of incredibly hard exercise seemed to be at least as effective as hours of moderate training. Tabata tried to prove this with a simple experiment. One group of moderately trained students did an hour of steady cardiovascular exercise on an exercise bike five times a week. The other group did a ten-minute warm-up on the bike, followed by four minutes of Tabata training, four times a week – plus one 30-minute session of steady exercise with two minutes of Tabata. The results were very surprising. After six weeks of testing, the group following Tabata’s plan – exercising for just 88 minutes a week – had increased their anaerobic capacity by 28% and their VO2 max, something that shows your cardiovascular health and maximal aerobic power, by 15%. The control group, who trained for five hours every week, also improved their VO2 max, but by 10% – and their training had no effect on anaerobic capacity.”We also measured increases in heart size after three weeks of doing the exercises,” says Tabata But you have to work very, very hard. You can’t sit on a cross trainer, chewing gum and reading the latest issue of HELLO! The programme demands intensive bursts on a stationary bike or rowing machine; explosive bodyweight exercises, sprints and so on. Remember how you felt after doing a 100m sprint at school? Imagine doing eight of them with only a tensecond break to recover. “All-out effort at 170% of your VO2 max is the basis of the programme,” says Tabata. “If you feel OK afterwards, you’ve not done it properly. The first three repetitions will feel easy but the last two will feel impossibly hard. In the original plan the aim was to get to eight, but some only managed six or seven.” One person on an online forum wrote: “When done correctly you should meet God. Most people are incapable of doing it correctly and shouldn’t even try.” Tabata doesn’t completely agree. “Everyone can do it but beginners should start with educated trainers so that they can work at the correct intensity for them,” he explains. He adds that his programme burns an extra 150 calories in the 12 hours after exercise, even at rest. So, although it is used by most people to get fit – or by fit people to get even fitter – it also burns fat. It’s slightly surprising, therefore, that only serious athletes follow the programme at the moment. But that may change now that Tabata has agreed a deal that will lead to a network of instructors and a DVD range released towards the end of the year. “I decided to do this because I often go on YouTube and, while I am pleased that people are doing it, some are doing it wrong because they don’t realize how hard they need to work,” says Tabata. So should we all start following this plan? Richard Scrivener, a former rugby fitness coach, says that while the benefits are clear, Tabatas are an addition, not a replacement, to a favoured sport or training method. “Runners, for instance, need a high level of running economy, which comes from learning the skills and running for many miles,” says Scrivener, “But they could reduce the number of long runs and the overall mileage by introducing Tabata training. This will give joints the chance to rest and recover, especially if you have a history of injuries – and you would probably therefore get more benefit from the long runs when you do them.” Gym rats can benefit by doing three strength sessions and three Tabatas a week. And the rest of us can slowly increase the number of sessions, although we know that it will never get easier because every session needs maximum effort. That’s the cruel genius of the programme: it is hard – and effective.",1,767,2,Advanced,False,Long
False memory,Elementary,"Scientists have put a false memory in the brains of mice in an experiment. They hope the results of the experiment will help to explain why people “remember” things that never happened. False memories are sometimes a problem with eyewitness statements in courts of law. Eyewitnesses often give evidence that leads to guilty verdicts, but later those verdicts may be changed when DNA or some other evidence is used. Susumu Tonagawa, a scientist at the Massachusetts Institute of Technology (MIT), and his team wanted to study how these false memories form in the human brain. They put memories in the brains of mice by changing individual neurons. In the experiment, Tonagawa’s team put the mice in a box and allowed them to explore it. As they explored it, their brain cells created a memory. The next day, they put the same mice in a second box and gave them a small electric shock. This scared the mice. At the same time, the researchers shone light into the mouse brains to bring back their memories of the first box. That way, the mice associated fear of the electric shock with the memory of the first box. In the final part of the experiment, the team put the mice back in the first box. The mice froze because they were scared. However, they had not received the shock in the first box and had no reason to be afraid. A similar thing may happen when powerful false memories are created in humans. “Humans are very imaginative animals,” said Tonagawa. “So, just like our mouse, it is quite possible we can associate what we have in our mind with bad or good events. In other words, there could be a false association of what you have in your mind rather than what is happening to you.” He added: “Our study showed that the false memory and the real memory use very similar, almost identical, brain mechanisms. It is difficult to tell the difference between them. We hope our future experiments will show legal experts how unreliable memory can be.” Chris French, of the University of London, is a researcher in false memories in people. He said that the results of the experiments were an important first step in understanding false memories. He added that memory researchers have always known that memory does not work like a video camera, recording all the details of anything we experience. Instead, we build a memory from small pieces of memory of the event, as well as information from other places. He warned that the false memories created in the mice in the experiments were far simpler than the complex false memories people have, such as false memories of childhood sexual abuse, abduction by aliens, or “past lives”. These complex false memories involve many parts of the brain. French says that it will be a long time before we understand how our brains make these memories. The mouse models created by the MIT team will help scientists ask more complex questions about memories in people. “Now that we can change the contents of memories in the brain, we can begin asking questions that used to be philosophical questions,” said Steve Ramirez, who works with Tonagawa at MIT. “Can we create false memories? What about false memories for more than just places – false memories for objects, food or other mice? These used to be sci-fi questions but we can now research them in the lab.”",0,577,1,Intermediate,False,Short
False memory,Intermediate,"Scientists have implanted a false memory in the brains of mice in an experiment that they hope will help to explain why people ‘remember’ events or experiences that have never happened. False memories are a major problem with witness statements in courts of law. Evidence that eyewitnesses give often leads to guilty verdicts, but later the convictions are overturned when DNA or some other evidence is used. Susumu Tonagawa, a neuroscientist at the Massachusetts Institute of Technology (MIT), and his team wanted to study how these false memories might form in the human brain, so they encoded memories in the brains of mice by manipulating individual neurons. Memories of experiences we have had are made from several elements including records of objects, space and time. These records are encoded in physical and chemical changes in brain cells and the connections between them. According to Tonagawa, both false and genuine memories seem to use the same brain mechanisms. In the experiment, Tonagawa’s team put the mice in a box and allowed them to explore it. As they did so, their brain cells were producing a memory protein. The next day, the same mice were put in a second box and given a small electric shock, to encode a fear response. At the same time, the researchers shone light into the mouse brains to activate their memories of the first box. That way, the mice learned to associate fear of the electric shock with the memory of the first box. In the final part of the experiment, the team put the mice back in the first box. The mice froze, showing a typical fear response, even though they had never been shocked in that box. A similar process may happen when powerful false memories are created in humans. “Humans are very imaginative animals,” said Tonagawa. “ So, just like our mouse, it is quite possible we can associate what we happen to have in our mind with bad or good events. In other words, there could be a false association of what you have in your mind rather than what is happening to you.” He added: “Our study showed that the false memory and the genuine memory are based on very similar, almost identical, brain mechanisms. It is difficult for the person with false memories to distinguish between them. We hope our future findings along this line will show legal experts how unreliable memory can be.” Chris French, of the University of London, is a leading researcher in false memories in people. He said that the latest results were an important first step in understanding them. “Memory researchers have always recognized that memory does not work like a video camera, recording all the details of anything we experience. Instead, it is a reconstructive process, which involves building a specific memory from fragments of real memory traces of the original event, but also possibly including information from other sources.” He warned that the false memories created in the mice in the experiments were far simpler than the complex false memories that have caused controversy within psychology and psychiatry – for example, false memories of childhood sexual abuse, abduction by aliens, or “past lives”. “Such rich false memories will clearly involve many brain systems and we are still a long way from understanding the processes involved in their formation at the neuronal level,” he said. Mark Stokes, a neuroscientist at Oxford University, said the experiments were a great achievement but that it was important to put them into perspective. “Although the results seem to show that new memories were formed by the artificial stimulation (rather than the actual environment), this kind of phenomenon is still a long way from most people’s idea of memory,” he said. The mouse models created by the MIT team will help scientists ask more and more complex questions about memories in people. “Now that we can change the contents of memories in the brain, we can begin asking questions that were once the realm of philosophy,” said Steve Ramirez, a colleague of Tonagawa’s at MIT. “Are there multiple conditions that lead to the formation of false memories? Can false memories be artificially created? What about false memories for more than just contexts – false memories for objects, food or other mice? These are the seemingly sci-fi questions that can now be experimentally tackled in the lab.” As the technology develops, said French, scientists need to think about its uses carefully. “In whatever way we implant false memories, we need to be very aware of the ethical issues raised by such procedures – the potential for abuse of such techniques cannot be overstated.”",1,773,2,Advanced,False,Long
Ferguson,Intermediate,"The Manchester United manager, Sir Alex Ferguson, will retire at the end of the season after 27 years as the most successful manager in British football. He will become a director of the club and someone will have to replace a man who has won 13 English Premier League titles, two Champions Leagues, the Cup Winners’ Cup, five FA Cups and four League Cups. Talking about his decision, Ferguson said: “The decision to retire is one that I have thought a great deal about. It is the right time. It was important to me to leave an organization in the strongest possible condition and I believe I have done so. The quality of this squad, and the balance of ages within it, bodes well for continued success at the highest level. The structure of the youth set-up will ensure that the long-term future of the club remains a bright one. “Our training facilities are amongst the best in world sport and our home, Old Trafford, is regarded as one of the leading venues in the world. I am delighted to take on the roles of both director and ambassador for the club. With these activities, along with my many other interests, I am looking forward to the future. I must pay tribute to my family; their love and support has been essential. “As for my players and staff, past and present, I would like to thank them all for a staggering level of professional conduct and dedication that has helped to deliver so many memorable triumphs. Without their contribution, the history of this great club would not be as rich. In my early years, the support of the board of directors gave me the confidence and time to build a football club, not just a football team. “Over the past ten years, the Glazer family have made it possible for me to manage Manchester United to the best of my ability and I have been extremely fortunate to have worked with a talented and trustworthy chief executive, David Gill. I am truly grateful to all of them. To the fans, thank you. It has been an honour and an enormous privilege to have had the opportunity to lead your club and I have treasured my time as manager of Manchester United.” The suddenness of Ferguson’s departure is exactly how he said he would leave the job. He first mentioned the possibility of retiring during the 2001/2 season but then performed a U-turn. It is understood that he gathered the players in the first-team changing room shortly after they arrived for training. In an emotional speech, he announced he was retiring. Joel Glazer, joint owner of Manchester United, said: “Alex has proven time and time again what a fantastic manager he is but he’s also a wonderful person. His determination to succeed and dedication to the club have been truly remarkable. I will never forget the wonderful memories he has given us, like that magical night in Moscow.” Avie Glazer, his brother, said: “I am delighted to announce that Alex has agreed to stay with the club as a director. His contributions to Manchester United over the last 27 years have been extraordinary and, like all United fans, I want him to be a part of its future.” David Gill added: “I’ve had the tremendous pleasure of working very closely with Alex for 16 unforgettable years – we have had countless wins and numerous signings. We knew that his retirement would come one day and we both have been planning for it by ensuring the quality of the team and club structures are in first-class condition. Alex’s vision, energy and ability have built teams that are among the best and most loyal in world sport. “The way he cares for this club, his staff and for the football family in general is something that I admire. What he has done for this club and for the game in general will never be forgotten. It has been the greatest experience of my working life being with Alex and a great honour to be able to call him a friend.” First-team coach René Meulensteen revealed how Ferguson broke the news to his backroom staff. “I found out this morning when I came to the club,” he said. “He called us into his office and told us his decision. He’s obviously a man who thinks very, very hard so I’m sure he’s put a lot of thought into making this decision. I wish him well. He’s been fantastic for this club and I hope all the fans give the new manager the same support that he gets.”",1,773,2,Advanced,False,Long
Kate and William,Intermediate,"The Duke and Duchess of Cambridge won the first part of their battle for privacy when a French magazine was banned from selling or reusing photos of the couple at a private chateau in Provence. French prosecutors must now decide if there should be criminal proceedings against the magazine editor and the photographer or photographers who took the pictures of the duchess sunbathing topless while on holiday in the south of France. The Tribunal de Grande Instance in Nanterre, Paris ordered the gossip magazine Closer to give the couple the digital files of the pictures within 24 hours. The magazine will have to pay €10,000 for every day it does not give the couple the files. The court also ordered Mondadori Magazines France, Closer’s publisher, to pay €2,000 of legal costs. “These photos, which showed the couple, partly naked on the terrace of a private home, surrounded by a park several hundred metres from a public road, are particularly intrusive,” the court said. The court decided that every time Mondadori – the publishing company owned by former Italian Prime Minister Silvio Berlusconi – publishes a photograph in the future in France, they will be fined €10,000. But the decision refers only to the 14 pictures that have already been published. Closer’s editor has hinted she has other, more intimate pictures. The couple welcome the judge’s decision. A source said: “They always believed the law was broken and that they had a right to their privacy.” Maud Sobel, a lawyer for the royal couple in Paris, described it as “a wonderful decision.” The royal couple are pleased with the decision, but they want there to be a much more public criminal prosecution for invasion of privacy against the magazine and photographer or photographers. Paris police began an investigation on Tuesday. Under French law, if you invade someone’s privacy, you may have to spend a maximum of one year in prison and pay a fine of €45,000. This punishment would send a message to the world and, the couple hope, stop paparazzi from invading their privacy in the future. The Irish Daily Star has also published the photos. And the Mondadori-owned Italian celebrity magazine Chi published a special edition of 26 pages with the photos of the future queen.",1,377,0,Elementary,False,Short
Norwegian sun,Intermediate,"On the market square in Rjukan stands a statue of the town’s founder, a respected Norwegian engineer and businessman called Sam Eyde. The great man looks north across the square at a mountainside in front of him. Behind him, to the south, rises the 1,800-metre peak known as Gaustatoppen. Between the mountains, along the narrow Vestfjord valley, lies the small, but once powerful, town that Eyde built at the beginning of the last century, so the workers in his factories could live there. Eyde used the power of the 100-metre Rjukanfossen waterfall to make hydroelectricity in what was, at the time, the world’s biggest power plant. But one thing he couldn’t do was change the sun. Deep in its east–west valley, surrounded by high mountains, Rjukan and its 3,400 inhabitants are in shadow for half the year. During the day, from late September to mid-March, the town, three hours north-west of Oslo, is not completely dark, but it’s certainly not bright, either. Now, high on the mountain opposite Eyde’s statue, 450 metres above the town, three large, solar-powered, computer-controlled mirrors slowly track the movement of the sun across the sky. They reflect the sunshine down on to the square and fill it with bright sunlight. “It’s the sun!” grins Ingrid Sparbo, lifting her face to the light and closing her eyes. A retired secretary, Sparbo has lived all her life in Rjukan and says people “do sort of get used to the shade. You end up not thinking about it, really. But this ... this is so warming. Not just physically, but mentally. It’s mentally warming.” Two young mothers bring their children into the square and stand in the sun. On a freezing day, an elderly couple sit on one of the new benches smiling at the warmth on their faces. Children smile. Lots of people take photographs. A shop assistant, Silje Johansen, says it’s “awesome. Just awesome.” Electrical engineer Eivind Toreid is more cautious. “It’s a funny thing,” he says. “Not real sunlight, but very similar. Like a spotlight.” Heidi Fieldheim says she heard all about it on the radio. “But it’s far more than I expected,” she says. “This will bring much happiness.” Across the road, in the Nye Tider café, sits the man who created this unexpected happiness. Martin Andersen is a 40-year-old artist who moved to Rjukan in the summer of 2001. The idea of an artwork Andersen called the Solspeil, or Sun mirror, came to him at the end of one September: “Every day, we would take our young child for a walk,” he says, “and, every day, I realized we were having to go a little further down the valley to find the sun.” By 28 September, the sun completely disappears from Rjukan’s market square. It doesn’t reappear until 12 March. In the months between September and March, Andersen says, “We’d look up and see blue sky above, and the sun high on the mountain slopes, but the only way we could get to it was to go out of town. It’s sad, a town that people have to leave in order to feel the sun.” Twelve years after he first dreamed of his Solspeil, a German company specializing in CSP – concentrated solar power – brought in, by helicopter, the three 17-sq-m glass mirrors that now stand high above the market square in Rjukan. “It took,” he says, “a bit longer than we’d imagined.” It really works. Even the people who were against it at first agree that it works. “I was strongly against it,” admits Nils Eggerud. Like many others, he felt that the money should have been spent on other things – on extra carers to look after Rjukan’s old people, perhaps, or improved school facilities, cycle paths and roads. “And I still don’t know about the continued maintenance costs,” he says. “What will they be, who will pay them? But ... well, it does feel nice, standing here. And, really, you just have to look at the people’s faces.” In his office overlooking the square, Rjukan’s young mayor, Steinar Bergsland, is interested not so much in the cost but in the benefits the mirrors might bring to the town. Already, Bergsland says, visitor numbers are higher than usual for the time of year and Rjukan’s shopkeepers have reported that they are earning more money than usual. A hi-tech company is interested in moving to Rjukan, attracted by the cutting-edge technology at the top of the mountain and the publicity it has attracted. “This is a powerful symbol for Rjukan,” Bergsland says, and, helped by government grants and a donation from a local business, the town needed to find just 1m krone – £100,000 – of the mirrors’ total 5m-krone cost. “And”, he says, “just look out of the window. Look at those happy faces. Now it’s here, people love it.”",1,810,2,Advanced,False,Long
NSA scandal,Intermediate,"According to a top-secret document, the National Security Agency (NSA) has got direct access to the systems of Google, Facebook, Apple and other major US internet companies. The NSA access is part of a program called PRISM, which allows officials to collect material including search history, the content of emails, file transfers and live chats, the document says. The document claims “collection directly from the servers” of major US service providers. Although the document claims that the program is run with the help of the companies, all the companies who responded to a request for comment denied knowledge of any such program. In a statement, Google said: “Google cares deeply about the security of our users’ data. We disclose user data to government in accordance with the law and we review all such requests carefully. From time to time, people allege that we have created a government ‘back door’ into our systems, but Google does not have a back door for the government to access private user data.” Several senior tech executives insisted that they had no knowledge of PRISM or of any similar scheme. They said they would never have been involved in such a program. “If they are doing this, they are doing it without our knowledge,” one said. An Apple spokesman said he had “never heard” of PRISM. The NSA access became possible because of changes to US surveillance law, introduced under President Bush and renewed under Obama in December 2012. The program facilitates a large amount of in-depth surveillance on live communications and stored information. The law allows for the targeting of any customers of participating companies who live outside the US, or those Americans whose communications include people outside the US. The revelation of the PRISM program follows a leak of a top-secret court order that forced telecoms provider Verizon to give the telephone records of millions of US customers to the US government. The participation of the internet companies in PRISM will add to the debate about the level of surveillance by the intelligence services. Unlike the collection of those call records from Verizon, this surveillance can include the content of communications and not just the metadata. It is claimed that some of the world’s largest internet companies are part of the information-sharing program, which was introduced in 2007. Microsoft – which is currently running an advertising campaign with the slogan “Your privacy is our priority” – was the first, with collection beginning in December 2007. It was followed by Yahoo in 2008; Google, Facebook and PalTalk in 2009; YouTube in 2010; Skype and AOL in 2011; and finally Apple, which joined the program in 2012. Under US law, companies must comply with requests for users’ communications, but the PRISM program allows the intelligence services direct access to the companies’ servers. The NSA document notes that the operations have “the help of communications providers in the US”. During the renewal of the FISA Amendments Act (FAA) in December 2012, several US senators warned about the high level of surveillance the law might allow and shortcomings in the safeguards it introduces. When the FAA was first introduced, its supporters argued that one safeguard would be the fact that the NSA could not get electronic communications without the permission of the telecom and internet companies that control the data. But the PRISM program makes that permission unnecessary, because it allows the agency to take the communications directly off the companies’ servers, communications that include email, video and voice chat, videos, photos, voice-over-IP (Skype, for example) chats, file transfers and social networking details. The PRISM program allows the NSA, the world’s largest surveillance organization, to get targeted communications without requesting them from the service providers and without needing individual court orders. With this program, the NSA is able to reach directly into the servers of the companies and get both stored communications and live communications. A senior administration official said in a statement: “The Guardian and Washington Post articles refer to collection of communications under Section 702 of the Foreign Intelligence Surveillance Act (FISA). This law does not allow the targeting of any US citizen or of any person who is within the United States. The program is overseen by the Foreign Intelligence Surveillance Court, the Executive Branch and Congress. Only non-US persons outside the US are targeted.” The program must limit the information it gets, keeps and disseminates about US citizens. “This program was recently reauthorized by Congress after a lot of debate. Information that is collected under this program is some of the most important and valuable intelligence information we collect and it is used to protect our nation from a wide variety of threats.”",1,780,2,Advanced,False,Long
Rats,Intermediate,"Scientists have connected the brains of two animals and allowed them to share sensory information. It is a major step towards what the researchers call the world’s first “organic computer”. The US team fitted two rats with devices called brain-to-brain interfaces that let the animals collaborate on simple tasks to earn rewards, such as a drink of water. In one important demonstration of the technology, the scientists used the internet to connect the brains of two rats separated by thousands of miles – one in North Carolina, USA, and the other in Natal, Brazil. The researchers were led by Miguel Nicolelis, a pioneer of devices that allow paralyzed people to control computers and robotic arms with their thoughts. They say their latest work could make it possible for multiple brains to be connected to share information. “These experiments showed that we have established a sophisticated, direct communication connection between brains,” Nicolelis said. “Basically, we are creating what I call an organic computer.” The scientists first demonstrated that rats can share, and act on, each other’s sensory information by electrically connecting their brains via tiny grids of electrodes that reach the part of the brain that processes movement. The rats were taught to press a lever when a light went on above it. When they did the task correctly, they got a drink of water. To test the animals’ ability to share brain information, they put the rats in two separate compartments. Only one compartment had a light above the lever. When the rat pressed the lever, an electronic version of its brain activity was sent directly to the other rat’s brain. In tests, the second rat responded correctly to the imported brain signals and pressed the lever 70% of the time. Incredibly, the communication between the rats was two-way. If the receiving rat failed at the task, the first rat did not get the reward of a drink, and appeared to change its behaviour to make the task easier for its partner. In further experiments, the rats collaborated on a task that required them to tell the difference between narrow and wide openings using their whiskers. In the final test, the scientists connected rats on different continents and used the internet to send their brain activity back and forth. “Even though the animals were on different continents, they could still communicate,” said Miguel Pais-Vieira, the first author of the study. “This tells us that we could create a workable network of animal brains distributed in many different locations.” Nicolelis said the team is now working on ways to connect several animals’ brains at once to solve more complex tasks. “We cannot even predict what might happen when animals begin interacting as part of a ‘brain-net’,” he said. “In theory, you could imagine that a combination of brains could find solutions that individual brains cannot achieve by themselves.” Anders Sandberg, who studies the ethics of neurotechnologies at Oxford University, said the work was “very important” in helping to understand how brains encode information. But the potential future uses of the technology are much wider, said Sandberg. “The main reason we are running the planet is that we are amazingly good at communicating and coordinating. Without that, although we are very smart animals, we would not dominate the planet.” “I don’t think there’s any risk of supersmart rats from this,” he added. “There’s a big difference between sharing sensory information and being able to plan. I’m not worried about an invasion by smart rats.” Very little is known about how people encode thoughts and how they might be sent to another person’s brain – so that will not happen any time soon. And much of what is in our minds is a “draft”, as Sandberg calls it, of what we might do. “Often, we don’t want to reveal those drafts, because that would be embarrassing and confusing. And we change a lot of those drafts before we act. Most of the time I think we’d be very thankful not to be in someone else’s head.”",1,673,2,Advanced,False,Short
Spain,Intermediate,"Valdevaqueros is one of the last unspoilt beaches in southern Spain. Currently the beach just has an access road filled with camper vans from Germany, France, Italy and Britain, which bring windsurfers and kitesurfers who are attracted by the strong winds in the area. For years it has been very different from the concrete-lined beaches of Torremolinos and Marbella along the coast, but earlier in 2012 the local council in Tarifa said ‘yes’ to plans to build a tourist complex next to the beach. Environmental and conservation groups have protested that the project will harm the habitats of protected species, but for most of the council the issue is simple: jobs. Tarifa has 18,000 inhabitants and 2,600 are unemployed as Spain experiences its worst economic crisis in at least half a century. “Traditional jobs such as fishing are dying out so tourism is the only solution, but it must be sustainable,” said Sebastián Galindo, a councillor from the Socialist party, which is in opposition in Tarifa but voted with the governing People’s Party support the project. Galindo says the complex meets environmental standards. There is a law that was designed to stop more ugly developments like those that spoilt a lot of Spain’s beaches when mass tourism first arrived in the 1960s and 1970s. This law says that the complex must be at least 200 metres from the coast; it will be much farther than that – it will be 800 metres. Opponents of the complex say more housing is not needed in a country that already has a million empty homes. The Socialist opposition in Madrid attacked the idea, and Galindo said it discriminated against migrant workers who came to Spain during the boom years, many of them from Morocco, whose coastline is just 14km away and can be seen from Tarifa. Surfers fear that new buildings in Valdevaqueros would reduce the strength of the famous local wind but fail to attract traditional package holidaymakers. “It’s not really a family spot. Just wait until they see what the wind is like,” said Henning Mayer, who has come here from Germany every year for 20 years. “Ten years ago they said they would build a new highway here. It didn’t happen, so I think it will be impossible to build new hotels.” At the southernmost point of Spain, Tarifa is where Africa and Europe meet, where the Mediterranean Sea meets the Atlantic. Campaigners say it also has a vital role for migrating animals. The campaign to save the beach was launched hours after the Tarifa council voted for the project. The campaign has a Facebook page and is supported by groups including Greenpeace, the World Wide Fund for Nature and the Spanish branch of conservation network Birdlife. Also joining the opposition to the project is the Andalusian College of Geographers, which says that the site would disturb two wildlife conservation areas and cross the border of a national park. “Money is once again more important than urban laws and European environmental directives,” said Raúl Romeva, a member of the European Parliament. In Romeva’s view, another problem with the project is that the site has too little water in a town that already suffers from shortages in the hot summer weather of Andalusía. Many locals are also wondering why a resort should be built 10km away, and not on wasteland near Tarifa’s picturesque old centre, with its typically Andalusian white walls and small streets, dominated by a 10th-century Moorish castle. “We agree with the complex as long as it creates jobs in the town, but we are against it if it only benefits a few,” said Cristóbal Lobato, who has worked at the same beachside bar in Tarifa for 30 years. “If they put it in the centre of Tarifa, where there is space, then clients could visit shops, tapas bars and restaurants.” Overlooking the green fields where the resort will be built, biologist Aitor Galán said, “Anywhere else in Europe, this place would have the utmost protection, but here they want to get rid of it all and cover it with buildings. What they want to do is turn this into Benidorm, but what attracts people here is wildlife and the wind. But by taking advantage of the current crisis and unemployment, builders and mayors who agree with them can justify any amount of destruction.”",1,725,2,Advanced,False,Long
Teff,Intermediate,"At Addis Ababa airport, visitors are greeted by pictures of golden grains, tiny red seeds and a group of men around a giant pancake. The words say: “Teff: the ultimate gluten-free crop!” Ethiopia is one of the world’s poorest countries, well known for its difficult food situation. But it is also the home of teff, a highly nutritious ancient grain that is now being sold in health-food shops and supermarkets in Europe and America. Teff’s tiny seeds – the size of poppy seeds – are high in calcium, iron and protein, and also amino acids. Naturally gluten free, the grain can be used instead of wheat flour in anything from bread and pasta to waffles and pizza bases. Like quinoa, the Andean grain, teff’s superb nutritional profile offers the promise of new and lucrative markets in the west. In Ethiopia, teff is a national obsession. Grown by around 6.3 million farmers, fields of the crop cover more than 20% of all farmland. It is ground into flour and used to make injera, the flatbread that is basic to Ethiopian cooking. The grain is also central to many religious and cultural ceremonies. Across the country, and in neighbouring Eritrea, people gather around large pieces of injera, which is also used as cutlery, scooping up stews and feeding one another as a sign of loyalty or friendship – a tradition known as gursha. The growing appetite for traditional crops and the booming health-food and gluten-free markets are breathing new life into the grain, which is increasingly being called Ethiopia’s “second gift to the world”, after coffee. Sophie Kebede, a London-based businesswoman who owns a UK company specializing in the grain, says she was “flabbergasted” when she discovered its nutritional value. “I didn’t know it was so sought after. I am of Ethiopian origin; I’ve been eating injera all my life.” Growing demand for so-called ancient grains has not always been a simple positive for poor communities. In Bolivia and Peru, there are reports of rising incomes from the now-global quinoa trade, but also malnutrition and conflicts over land, as farmers sell their entire crop to meet western demand. Ethiopia’s growing middle class is also increasing demand for teff and rising prices have made the grain too expensive for the poorest people. Today, most small farmers sell most of what they grow to people in the city. This may have helped boost incomes in some rural areas but it has had nutritional consequences, says the government, as teff is the most nutritionally valuable grain in the country. In urban areas, people eat up to 61kg of teff a year. In rural areas, the figure is 20kg. The type of teff people eat is different, too: the rich eat the more expensive magna and white teff varieties; poorer people usually eat less-valuable red and mixed teff and more than half combine it with cheaper cereals such as sorghum and maize. The Ethiopian government wants to double teff production by 2015. It says that the grain could play an important role in school meals and emergency aid programmes, and help reduce malnutrition – particularly among children and adolescents. Though Ethiopia has a fast-growing economy, it remains on the UN’s list of least-developed countries. An estimated 20% of under-fives are malnourished. The government’s Agricultural Transformation Agency aims to boost crops by developing improved varieties of the grain and introducing new planting techniques and tools. The government does not allow the export of raw teff grain, only of injera and other processed products. But this could change: the goal is to produce enough teff for Ethiopia and for export. Mama Fresh is a family company that has been selling injera to top restaurants and hotels in the Ethiopian capital for years. It also exports the flatbread to Finland, Germany, Sweden and the US, mostly for Ethiopians who live there. But, the company wants to double exports to America in 2014 and will soon start producing teff-based pizzas, bread and cookies. Regassa Feyissa, an Ethiopian agricultural scientist and former head of the National Institute for Biodiversity, warns that, without careful planning, increased teff production for export may mean that farmers do not grow other important crops. With not much Ethiopian teff on the international market, farmers in the US have started planting the crop. Farmers in Europe, Israel and Australia have also experimented with it.",1,727,2,Advanced,False,Long
WNL A good night sleep,Intermediate,"Sleep deprivation used to be a sign that you were busy and important and very much in demand. Sleep was for wimps. Now, however, Arianna Huffington’s The Sleep Revolution, a book that promises to completely change your life “one night at a time”, is a New York Times best-seller. Meanwhile, businesses have realized that they can make money from the sleep revolution. A whole range of businesses are reinventing where, when and how we sleep, as well as how much we’re prepared to pay for it. Luxury hotels are offering “sleep retreats”; more than $1,000 gets you dinner and a movie about sleep. And, if you’re staying home, you can upgrade your bedroom with everything from a mattress cover with a sensor that monitors your sleep ($249) to a sleeping mask that monitors your brainwaves and lets you nap more efficiently ($299). Sleep has not only become big business – it has made its way into corporations. A number of companies already have sleeping areas and Huffington predicts that nap rooms in offices are going to become “as common as conference rooms” in the next two years. So, how did this happen? How did sleep, something humans have done since long before Huffington, suddenly become so fashionable? Many people these days find it normal to pay $10 for green juice and $34 for an indoor cycle class. And getting enough sleep fits into this kind of lifestyle. Then, there’s wearable technology. Our bodies have become machines that we monitor and optimize for greater efficiency and sleep has become another data set to be monitored. What Huffington emphasizes about sleep, after all, is not that it rests you but that it restores you. Sleep, she says, is the ultimate performance enhancer and getting eight hours of rest has become the ultimate status symbol. You know how Arianna Huffington gets her eight hours? Well, she has “nine or so” assistants. Huffington calls them her “A-Team”. They do everything for her. They run her errands, plan her travel and load The Huffington Post on her computer in the morning. According to the New York Times, most of the A-Team can only survive about 12 months in the job because it’s so taxing. The low pay also means many of them take second jobs. Basically, they don’t sleep so that Huffington can … and can sell books about it. Getting enough sleep isn’t just a question of valuing sleep enough to go to bed at the right time; it’s a question of going to bed in the right neighbourhood and in the right body. Numerous studies show that you’re more likely to sleep badly if you’re poor. It’s hard to sleep if you’re worried about your safety or haven’t had enough to eat. It’s hard to sleep if you’re one of the 15 million American shift workers who work irregular hours. Research has also found that there’s a black/white sleep gap. One study shows that white people sleep an average of 6.85 hours but African Americans sleep an average of 6.05 hours. They also have a lower quality of sleep. Researchers say this is partly due to the stress of racism. Do you know who gets the most sleep and the best quality of sleep in America? Rich white women. Who are probably the same people Huffington wrote her book for. Huffington describes her promotion of sleep as a “revolution” but, really, it’s a rebranding. The very real sleep crisis isn’t that a few rich people think it’s a waste of time; the problem is the 99% who can’t afford to spend time sleeping. Sleep may be a performance enhancer but it’s an inefficient one. The real prize is finding a way to negate sleep deprivation so humans can work on less sleep. Unsurprisingly, the military is at the forefront of this research. In 2008, the Pentagon published a report called “Human Performance”. It examined the possibility of a future in which soldiers could perform at their peak with only a couple of hours’ sleep. “Imagine that you could make a human who slept for the same amount of time as a giraffe (1.9 hours per night). This would lead to a twofold decrease in the casualty rate. An enemy would need approximately 40% more soldiers to compensate for this advantage.” Eventually, humans will find a way to remove the need for sleep completely. Spending a third of your life unconscious won’t be a luxury anymore; it’ll be something only the poor will be forced to do. At that point, we may need a whole new sort of sleep revolution.",1,766,2,Advanced,False,Long
WNL Apple,Intermediate,"The brand and logo of Apple are the most valuable in the world. They are worth nearly $119bn, or more than the gross domestic product of Morocco, Ecuador or Oman. The brand value of the Silicon Valley firm, already the world’s biggest company, has increased by 21% in 12 months, according to the Interbrand Best Global Brands annual report. Apple, which is recognized all over the world by its simple “Apple with a bite missing” logo, led an increase of technology companies in the 2014 report, which has pushed more traditionally valuable brands – such as Coca-Cola, McDonald’s and Gillette – down the table. Google’s brand value rose by 15% to $107bn to take second place, followed by Coca-Cola, up 3% to $81.5bn, IBM ($72.2bn) and Microsoft ($45.5bn). Facebook is the biggest riser in the chart, increasing its brand value by 86% to $14.3bn and taking 29th place in the table, ahead of longstanding global corporate names such as Volkswagen, Kellogg’s and Ford. Jez Frampton, chief executive of Interbrand, said: “Benefitting immensely from the rise of digital and mobile technology, savvy brands like Apple grew stronger.” Apple, which former Chief Executive Steve Jobs founded in his Los Altos garage in 1976, only appeared in the top ten of the Interbrand annual study in 2011. Its logo, created by advertising executive Rob Janoff in 1977, was designed with a bite taken out of it to avoid confusion with a cherry. “Our logo is a symbol of lust and knowledge. It is an apple, bitten into, all crossed with the colours of the rainbow in the wrong order. You couldn’t dream of a more appropriate logo,” Janoff said. Graham Hayles, Interbrand’s chief marketing officer, said it was “not out of kilter” that Apple’s brand could account for a fifth of the company’s entire market value. “Apple makes a lot of money because it has a very strong brand,” he said. “There is a very strong connection between branding and profitability.” Many technology companies rose up the chart but some fell, too. Finnish mobile-phone company Nokia dropped 41 places to 98th at $4.1bn, just ahead of Nintendo in 100th place (down 33). “They’re both only just in the chart now,” Hayles said. “It shows the importance of getting innovation right.” A Chinese company has got into the top 100 for the first time, with mobile-phone and broadband firm Huawei entering the table in 94th place with a brand value of $4.3bn. Huawei has been partly banned by the US and Australian governments due to fears that its equipment could be used by the Chinese for cyber-espionage. Most of the brands in the top 100 are US-owned. The highest-placed non-US brands are South Korea’s Samsung (6th), Japan’s Toyota (8th) and Germany’s Mercedes-Benz (10th). The highest-placed British brands are HSBC (33rd), Shell (65th) and Burberry (73rd). Other fashion brands in the top 100 include Boss, Prada and Ralph Lauren. Designer label Louis Vuitton is the top fashion name, in 19th position, with a value of $23bn, just ahead of high-street clothing chain H&M, with a brand value of $21bn and ranked 21. Sports brand Nike is at place 22 with a brand value of nearly $20bn, ahead of its rival Adidas at place 59 with a value of $7bn. Frampton said consumers’ ability to interact with and criticize brands on Twitter and other social media means companies must react faster to keep and improve their brands’ reputations. “The customer, through the use of social media, now has more control than ever,” he said. “Customers expect interaction, responsiveness, 24/7 accessibility, customization options and high levels of personalization,” he said.",1,603,2,Advanced,False,Short
WNL Arctic Ramadan,Intermediate,"In the Arctic regions of Canada, the summer sun shines for more than 20 hours a day. For some, it’s a welcome change from the constant darkness of winter. But, for the small but growing Muslim community of Iqaluit, Nunavut, life in the land of the midnight sun is a real challenge during the month of Ramadan, when Muslims typically fast from sunrise to sunset. “I haven’t fainted once,” said 29-year-old Abdul Karim, one of the few in the area who has carefully timed his Ramadan fast to the Arctic sun since moving from Ottawa in 2011. This year, that means eating at about 1.30am before the sun rises and breaking his fast at about 11pm when the sun sets. “The only reason to stop would be if it hurts my health,” Karim said. It is nearly the end of Ramadan for Muslims around the world. Fasting is important but, during the holy month, in every Muslim community, there is also a focus on community work, prayer and reflection. But, in Iqaluit and the other Muslim communities in the Arctic, the long days have forced a change in how they fast. Most Muslims in Iqaluit follow the timetable followed by Muslims in Ottawa, about 1,300 miles south – this follows the advice of Muslim scholars who have said Muslims in the far north should observe Ramadan using the timetable of Mecca or the nearest Muslim city. It still means fasting for around 18 hours a day, said Atif Jilani, who moved to Iqaluit from Toronto. “The days are long, but it’s more manageable.” Many in the community of 100 people break their fast together – they gather in the city’s brand new mosque for nightly suppers. As they tuck into traditional food such as dates and goat or lamb curries, the sun shines brightly through the windows. It’s a similar situation across Canada’s most northern mosques during Ramadan, as Muslims deal with the country’s unique geography. In recent years, much of the community has chosen to follow the Ramadan timetable of Edmonton, in Alberta. Some follow the timings of Mecca, for example Awan, a father of two young children, including a 12-year-old who recently started fasting. He hopes to encourage his son with the more manageable timetable of about 15 hours of fasting compared with about 18 hours in Edmonton. “If I fast Edmonton times, my son might say, ‘Papa, you are really insane. What are you doing?’” he said. For the 100 or so Muslims in Inuvik, a small town 125 miles north of the Arctic Circle, it is impossible to follow the local movements of the sun. They have also been following Edmonton’s timetable. “We currently have 24 hours a day of sun,” said Ahmad Alkhalaf. “There’s no sunrise or sunset.” They were already following the Edmonton schedule in 2001 when he moved from Toronto to the small northern community of 3,500 people. “My first Ramadan here was in December. There’s no sun at that time; it’s dark all day and night. So we used Edmonton time.” At times, it can be difficult to follow the clock rather than what is happening outside, Alkhalaf said. “You’re supposed to break your fast when it’s dusk but we eat when the sun is up. It’s not usual to have iftar [the meal that breaks the fast] when the sun is up,” he said. In Inuvik, where most of the population is Inuit, the Muslim community has tried to strike a balance between Ramadan and the local culture and traditions. The iftar meal includes dates and curries – as well as local game such as reindeer. “We make a soup or curry, but instead of using beef, we use reindeer.” In Iqaluit, as the Muslim community prepares to mark the end of Ramadan, some reflect that 2016’s timing – stretching across some of the longest days of the year – has made it one of the more difficult of recent years. It’s particularly true for those like Karim who have followed the local sunrise and sunset carefully. But, his efforts will be rewarded in future years, said Karim, thanks to the lunar calendar. Ramadan will eventually fall during winter and, in Iqaluit, the sun will rise and set within a few hours each day. “I’ll follow those hours, too,” he said with a laugh. “Oh yes, definitely.”",1,726,2,Advanced,False,Long
WNL Bangladesh factory owners,Intermediate,"An international agreement to improve safety in Bangladesh’s clothing factories could face legal action because factory owners are demanding compensation for the cost of closures and repair work. Some repair programmes are expected to take months and factory owners say they cannot pay staff while factories are closed, as well as paying for major works needed to ensure that buildings are safe. The building repairs are happening in the wake of the collapse of the Rana Plaza complex in the capital of Bangladesh, Dhaka, in 2013, in which 1,138 people were killed. The problems come as hundreds of Bangladeshi clothing factories per month are inspected for firesafety and structural problems under the Accord on Fire and Building Safety in Bangladesh, which is supported by over 170 international brands, including Primark and Marks & Spencer, and international trade unions, including IndustriALL. The owner of one Dhaka-based factory, Softex Cotton, has said he will take legal action against the Accord because his factory was closed down due to structural problems. He is demanding $100m in compensation. Another factory owner said that, once a factory closed its doors, even for a few months, it would lose orders and close permanently: “There is no such thing as temporary closure,” he said. The factory owner said that the Accord agreement had “pussyfooted” around the issue of who paid for factory closures because they just wanted to get as many brands as possible to sign up to a deal in the wake of the Rana Plaza disaster. He said there was no clear process in place to pay the costs involved. Jenny Holdcroft, policy director for IndustriALL, which has been closely involved in the Accord, said that the agreement ensured that factories would not lose orders during closure because brands had committed to maintain orders with suppliers for two years. Twelve factories have been identified by the Accord as needing significant work so far, but Holdcroft said many of those only needed partial closure and production could continue on other floors. The Accord also legally requires brands to ensure that workers are paid during factory closures. She said the detail on who would make payments had been left open in order to ensure that all those factory owners who could afford to pay for repairs and compensation for workers made the necessary payments. “This was always going to be a topic of negotiation. Brands don’t want to commit to paying so that rich factory owners who have just pocketed the profits and not been spending on their factories for years continue to do so. There was obviously going to be disruption. If there was no disruption, there would be no change,” she said. A spokesman for the Accord said negotiations over payments and even legal action would not hold up its work to improve safety in factories. However, pressure on the Accord to contribute to the payment of displaced workers has increased after a rival factory-safety group, backed by US retailers including Walmart and Gap, the Alliance for Bangladesh Worker Safety, set aside $5m to help pay factory workers for up to two months while buildings are improved. It has, so far, identified five factories in four buildings where production needed to be suspended. “The Alliance is sharing the workers’ salary along with entrepreneurs so now there is a big confusion. We had a big meeting with the Accord to make them understand they have to come forward or how will we help our workers?” said Shaidullah Azim, a director of the Bangladeshi Garment Manufacturers and Exporters Association.",1,592,2,Advanced,False,Short
WNL Bright Future,Intermediate,"On the top of a hill, looking down on Northumberland’s beautiful Kielder Water reservoir, a group of people wait in a car park next to a strange wooden building. They are looking for darkness and this is Kielder Observatory, the centre of Britain’s latest industry – astrotourism. The people waiting outside are the lucky ones. Many more apply for a night of stargazing at the observatory but numbers are strictly limited. Inside, under a dim light, the observatory’s founder and lead astronomer, Gary Fildes, delivers a speech to his colleagues and volunteers. The team discusses the prospect of seeing the northern lights but Fildes is doubtful. Instead, they decide to use their powerful telescopes to observe Jupiter and Venus and, later, to pick out stars such as Capella and Betelgeuse. An additional attraction is the appearance of the International Space Station. Fildes, 49, is at the forefront of the UK’s growing astrotourism industry. The key moment for Northumberland came in 2013 when the entire national park, about 1,500 square kilometres in area, was awarded Dark Sky Park status, the only one in England. Dark Sky Parks are rare. The 2013 Star Count revealed that only 5% of the UK population can see more than 31 stars on a clear night. The Arizona-based International Dark-Sky Association (IDA) awards the status of Dark Sky Park only to places that take major steps to avoid light pollution. And those areas must also prove their night skies are dark enough. In Northumberland Dark Sky Park, as the area was renamed, it is so dark that Venus casts a shadow on the Earth. Duncan Wise, visitor development officer for the Northumberland National Park Authority, helped to lead the campaign for dark-sky status. “We tend to look at landscape as everything up to the horizon,” Wise said. “But what about what’s above it?” Wise and others spent years preparing their application to the IDA, collecting thousands of light readings and producing an exterior lighting master plan that influences the construction of new developments in the area. Their efforts have been rewarded. Many of the 1.5 million who visit Northumberland each year are now aware of its Dark Sky status. “We get a lot of people coming here to see the sky now,” says the man at the car-hire firm in Newcastle. “They come in autumn and winter, when it’s darkest. It’s good for the local hotels because they get business all year round now.” Local hotels now give guests night-vision torches and put out deckchairs at night. Wise agrees that Northumberland needs to do more to take advantage of its scarce resource. He believes the region needs a couple more observatories to ensure that visitors will see what they came for. A new £14m national landscape discovery centre will have an observatory when it is completed in a couple of years. Fildes has big ambitions. He is planning Britain’s first “astrovillage”, one that would contain the largest public observatory in the world and have a 100-seat auditorium, a 100-seat planetarium, a one-metre aperture telescope, and radiomagnetic and solar telescopes. The multimillion-pound project would also have a hotel and draw in 100,000 people a year, four times the number currently able to use the observatory. Fildes believes the astrovillage will be a reality by 2018. However, Northumberland has competition. Galloway Forest Park in Scotland also has Dark Sky Park status. Since Exmoor was designated Europe’s first International Dark Sky Reserve – one level below Dark Sky Park – in 2011, a range of local businesses offering stargazing breaks and safaris has sprung up. The UK has a long way to go to rival northern Chile, which has more than a dozen tourist observatories and some of the clearest skies in the world. The Teide National Park in Tenerife is also becoming a major astrotourism destination. So, why do people want to look up into the night sky? The media have helped. TV presenters like Brian Cox have attracted a new generation of stargazers. “Brian Cox has made astronomy accessible,” says Wise. “It’s no longer seen as something just for professors with telescopes.” Technology has also made astronomy more popular. Apps such as Stellarium now turn smartphones into pocket-size planetariums. But Fildes believes that, most importantly, people are starting to appreciate what lies above. “If you had to build a visitor attraction from scratch, what could be better than the universe?”",1,733,2,Advanced,False,Long
WNL Calais Migrants,Intermediate,"The roof is plastic and the desks are just old chairs, but the students inside the Chemin des Dunes school are studying hard and hoping for a new life in France. “The French language is very difficult but we try hard. If we come every day, maybe our dreams will come true,” says Kamal, a refugee from Sudan’s Darfur district who comes to three or four hours of classes every day. “It’s a good thing to keep your brain active.” The 29-year-old electrical engineer is one of dozens, perhaps hundreds, of refugees living in the “jungle” camp outside Calais who have applied for asylum in France and really want to learn the language of what they hope will be their new home. Like many of his fellow students, he is frustrated by the media coverage of the sprawling tentvillage. He says it focuses only on those people who use the village as a place to stay while they make risky attempts every night to sneak on board cross-Channel lorries or trains. “I want people in the UK to know that not everyone wants to go there. There are a lot of people here who want to stay in France,” Kamal said. France is already home to more than a quarter of a million refugees, according to United Nations data – this is more than twice as many as the UK, even though the countries have similar populations. There are also 56,000 asylum seekers waiting for permission to stay in France – the second highest number in Europe – while, in the UK, there are 36,000. But, while the applicants wait to hear if they can stay, France does not give them any financial support or allow them to work – and the slow process can take many months. The jungle camp offers a free meal a day and a plastic roof over their heads. Many decide to live in these basic conditions for a few extra months, rather than jeopardize their chance to stay in France by working illegally. The idea for the school was first suggested by some of the asylum seekers at the start of the summer, when they were bored with sitting around waiting and nervous about starting a new life in France totally unable to communicate. It opened within weeks, on 11 July. “We did it so people can learn French,” said Zimarco Jones, the school’s Nigerian founder, who arrived in Calais in 2013 and is still waiting to hear if he can stay. “Now, we need to build another one,” he says with a grin. The tiny classroom can hold 30 pupils, crammed into five rows of desks in front of a big green chalkboard and pictures of cartoon animals for each letter of the French alphabet. There are also classes in English, art and t’ai chi but the French lessons, given by volunteers from Calais and other towns, are the most popular. “French is not as easy as English but, two weeks ago, I decided there was no way to get to the UK,” says George, another Darfur refugee and student. He wanted to cross the Channel because he speaks fluent English but, with language classes, he says he is happy to settle in France. “Anywhere there is peace, I can stay, no problem,” he says. He is already waiting at the classroom more than half an hour before his teachers arrive. He admits he doesn’t know much about France but says that the classes are slowly helping him understand the country as well as the language. Many of the volunteers at the jungle school are local teachers who are giving up their summer holidays. Jenny Flahaut, 33, who works at a children’s home, volunteered after seeing an advertisement on Facebook. “I saw these people in Calais every day and I wanted to do something for them,” she said. She is angry about the depiction of migrants in the media and about politicians who have never visited the camp, most recently David Cameron, the British prime minister, who talked about “swarms” of people trying to reach the UK. “They don’t know them; they are not like that,” Flahaut said as she prepared for an afternoon lesson. “Most of them are very good people. They are welcoming and friendly. They want to improve their life and make it better, and learning is part of that.” The teachers and Zimarco are focused, now, on setting up a separate classroom for around 200 women and two dozen children. There are ten times more men than women in the Calais camp. Most feel uncomfortable going to classes with male students they don’t know, the volunteers say. Zimarco’s work starting the school is remembered in its unofficial name – everyone in the camp just calls it “Zimarco’s school”. After setting up the new classroom, Zimarco has more dreams for making the camp a place to live, not just survive. He wants to start a football team for migrants and even dreams of changing the camp name. He hates “the jungle” because he says it implies the residents aren’t people. “We have a discotheque, a house, a mosque, a school, shops,” he says. “We are not animals.”",1,867,0,Elementary,False,Long
WNL First high resolution images,Elementary,"For 85 years, it was just a grey blob on classroom maps of the solar system. But, on 15 July, we saw Pluto in high resolution for the first time. The images show dramatic mountains made from solid water ice as big as the Alps or the Rockies. The extraordinary images of the former ninth planet and its large moon, Charon, were sent four billion miles back to Earth from the New Horizons spacecraft. Alan Stern, the mission’s principal investigator, said “New Horizons is returning amazing results. The data look absolutely gorgeous, and Pluto and Charon are just mind-blowing.” John Spencer, a mission scientist, said that one of the biggest surprises was the discovery that “there are mountains in the Kuiper belt”. The Kuiper belt is the solar system’s mysterious “third zone” where Pluto is, with about 100,000 smaller icy objects. He said the mountains are around 3,000 metres high and several hundred miles across. Pluto used to be the ninth planet but, since 2006, it has been a dwarf planet. The NASA press conference began with spectacular images of the sun and the eight official planets. Stern said the images from New Horizons were just the beginning and that we would learn more about the planet soon. Scientists believe the mountains on Pluto are made from water ice with just a thin cover of methane and nitrogen. “Water ice is strong enough to hold up big mountains.” The images are the first to show ice mountains, except those found on the moons of giant planets. The images are so detailed that, if the spacecraft flew over London, we would be able to see the runways at Heathrow airport. It is five billion kilometres to Pluto. This means it takes New Horizons hours to send back a picture and it will take 16 months to send back all the data. The team also said that the heart-shaped area on Pluto will be called the Tombaugh Regio, after Clyde Tombaugh, who discovered the dwarf planet in 1930. The image of Charon shows an area of cliffs about 1,000km long. The image also shows a dramatic canyon 7 to 9km deep. Cathy Olkin, a mission scientist, said: “Charon just blew our socks off when we saw the new image. The team is so excited.” Pluto is two thirds rock surrounded by a lot of ice. The temperature is about minus 230C. The £460m spacecraft is continuing its journey into the Kuiper belt. Scientists hope that it will help us to see and understand more of the ancient solar system and the origins of planets. It may even help to explain how the Earth was made. Andrew Coates, the head of planetary science at the Mullard Space Science Laboratory, said: “It’s a really thrilling time for solar system exploration.” NASA says that the spacecraft will be able to keep recording and sending images until the mid- 2030s. Then its plutonium power source will run out and it will drift outwards towards the edge of the solar system and deep space beyond.”",0,508,1,Intermediate,False,Short
WNL First high resolution images,Intermediate,"For 85 years, it was just a grey blob on classroom maps of the solar system. But, on 15 July, Pluto was seen in high resolution for the first time. The images show dramatic mountain ranges made from solid water ice as big as the Alps or the Rockies. The extraordinary images of the former ninth planet and its large moon, Charon, were sent back 4bn miles to Earth from the New Horizons spacecraft. They are the climax of a mission that has been quietly underway for nearly ten years. Alan Stern, the mission’s principal investigator, said “New Horizons is returning amazing results. The data look absolutely gorgeous, and Pluto and Charon are just mind-blowing.” One of the biggest surprises was the discovery that “there are mountains in the Kuiper belt”, the solar system’s mysterious “third zone” where Pluto is, with about 100,000 smaller icy objects. John Spencer, a mission scientist, said the mountains appear to be around 3,000 metres high and several hundred miles across. The detailed image of one edge of the dwarf planet showed not a single crater. This tells scientists that there has been recent geological activity on the surface, which could include dramatic geysers throwing ice into the atmosphere or cryo-volcanoes that erupt in explosions of ice. Pluto used to be the ninth planet but, since 2006, it has been known as a dwarf planet. The NASA press conference began with spectacular images of the sun and the eight official planets. “We’ve brought what was previously a blurred point of light into focus,” said Dwayne Brown, NASA spokesman, as scientists and journalists waited for the image to be shown. Stern said that there would be many more images and that we would learn a lot more about the planet during the coming year. The images have already produced some surprises. Scientists believe the mountains are made from water ice with just a thin cover of “exotic” ices, methane and nitrogen. “Water ice is strong enough to hold up big mountains and that’s what we think we can see here. This is the first time we’ve seen this. The methane and nitrogen are just a coating.” The mountains on Pluto probably formed no more than 100m years ago – extremely recently in the 4.56bn-year-old solar system. This suggests the region, which covers about 1% of Pluto’s surface, may still be geologically active. The images are the first to show ice mountains, except those found on the moons of giant planets. The images are so detailed that, if the craft were flying over London, we would be able to see the runways at Heathrow airport. The distance to Pluto – 5bn km – means it takes New Horizons hours to send back a picture and it will take 16 months to send back all the data. The team also announced that the heart-shaped feature visible on Pluto will now be known as the Tombaugh Regio, after Clyde Tombaugh, who discovered the dwarf planet in 1930. The new view of Charon reveals an area of cliffs stretching about 1,000km. This suggests cracks in Charon’s surface, which could also be the result of geological activity. The image also shows a dramatic canyon about 7 to 9km deep. Cathy Olkin, a mission scientist, said: “Charon just blew our socks off when we saw the new image today. The team has just been abuzz. There is so much interesting science in this one image alone.” Scientists think that Pluto is two thirds rock surrounded by a lot of ice, with surface temperatures of about minus 230C. As the £460m mission continues into the Kuiper belt, scientists hope that it will help us to see and understand more of the ancient solar system and the origins of planets. It may even help to explain the formation of the Earth itself. Andrew Coates, head of planetary science at the Mullard Space Science Laboratory, said: “These Kuiper belt objects are the building blocks of the outer solar system. They’re all very cold – it’s like a cosmic deep freeze. It’s the best way of preserving solar system history. That is what is so fascinating about this. It’s a really thrilling time for solar system exploration.” In August 2015, mission scientists will choose which of two objects to visit next. NASA estimates that the spacecraft will be able to keep recording and sending back data until the mid-2030s. Then, its plutonium power source will run out and it will drift outwards towards the edge of the solar system and deep space. New Horizons also observed the smaller members of the Pluto system, which includes four other moons: Nix, Hydra, Styx and Kerberos. “New Horizons is a true mission of exploration, showing us why basic scientific research is so important,” said John Grunsfeld, associate administrator for NASA’s Science Mission Directorate. The images also suggest that Hydra’s surface is probably coated with water ice. Future images will reveal more clues about the formation of this, and the other moon, billions of years ago.”",1,836,2,Advanced,False,Long
WNL India's rich,Intermediate,"According to a recent report, the wealthiest people in India will become four times richer by 2018, with hundreds of thousands of new entrepreneurs and inheritors becoming multimillionaires. The survey, based on interviews with 150 wealthy individuals, comes at a time when there are signs of returning business confidence in the world’s biggest democracy. Recent years have seen weak economic growth, rising prices of basic foods and a fall in the value of the Indian currency. But the Bharatiya Janata Party (BJP) won a landslide victory in May 2014 with its promise to improve the economy. Despite the economic slowdown, there are now nearly a sixth more Indians worth more than $3.75m than in 2013, the report says. “Cities are mushrooming, the middle class population growing, opportunities have increased many times over and the political environment has improved greatly in recent months,” says Murali Balaraman, a co-author. Between them, India’s rich hold assets worth a trillion dollars, which is around a fifth of the total wealth in the country. By 2018, that total is likely to reach $4tn, the report says, making three times as many people multimillionaires. A booming luxury market is serving the new rich. “They really want to show or talk about their wealth in a really subtle way and buying luxury goods is a nice way to do it,” Balaraman said. Abhay Gupta, the CEO of brand consultancy Luxury Connect, said the market for luxury goods and experiences would “only get bigger”. “There is a huge aspirational class who look up to what the very wealthy are doing and then copy it,” he said. Cars are among the most popular items bought, the report says. Whereas, in 2009, locally made SUVs were shown off by the wealthy, now only foreign cars will impress people. Mercedes saw a 47% growth in sales in India in 2013. BMW has launched a new $200,000 model in Delhi. India’s appalling infrastructure limits demand for luxury cars, however. Lamborghini’s Chief Executive, Stephan Winkelmann, admitted, in 2013, that the traffic and roads in India “are not so suitable” for the $450,000 sports cars. In India, Lamborghini sells two models: the Gallardo and the Aventador, which has a top speed of 217mph. Winkelmann said Lamborghini’s Indian customers were much younger than those in Europe, with a typical buyer being in his 30s. However, the most popular investments are still real estate – mainly within India – and jewellery. India’s super-rich have often surprised people around the world with their spectacular spending. Mukesh Ambani, the country’s wealthiest man, has built the world’s most valuable home in Mumbai, the commercial capital. The 27-storey tower, complete with helicopter pads, indoor cinemas and a staff of more than 600, is worth $1bn. The three-day wedding of the niece of Lakshmi Mittal, the UK-based steel tycoon who is worth $16bn, was reported to have cost $80m. Hundreds of guests were flown to Barcelona for the ceremony and party, which took place in a museum in the city. But buyers of exclusive luxury goods are becoming more and more demanding, the report says. One buyer ordered nine cases of Japanese whisky costing over $750 a bottle for a wedding reception. The attraction of the imported whisky was that no one who attended the wedding would know how to find the same drink in India. Another big spender bought identical pairs of Louis Vuitton bags, then cut up half of them to make clothes that would match her accessories. Even the traditional wedding is changing. Traditionally, presents such as silver plates, dried fruit or sweets are sent with wedding invitations. But, now, these presents are being replaced by gifts by top western designer brands. “These days, it’s Rolex watches and Louis Vuitton bags,” says Gupta. Almost half the new multimillionaires live in smaller cities and a high proportion give large amounts to charity. Co-author Balaraman says that growth in the number of rich people would not result in social tensions because a wide gap in incomes and wealth is an “accepted norm” in India. “People know that someone is rich and someone is poor and they carry on with their lives,” he explains.",1,693,2,Advanced,False,Long
WNL JMW Turner,Intermediate,"JMW Turner, one of Britain’s greatest painters, will appear on the new £20 note, after a nationwide vote. It will be the first time an artist has appeared on a British banknote, after the governor of the Bank of England, Mark Carney, asked the public to choose a deceased cultural figure they felt deserved to be on the banknote. Turner, who is famous for his dramatic seascapes, beat off competition from 590 painters, sculptors, fashion designers, photographers, film-makers and actors put forward by 30,000 members of the public. The list included Alfred Hitchcock, Alexander McQueen, Derek Jarman, Laura Ashley, William Morris and Vanessa Bell. This list was narrowed down to a final choice of five by a panel of artists, critics and historians. The final five – Barbara Hepworth, Charlie Chaplin, Josiah Wedgwood, William Hogarth and Turner – were chosen because of their “unquestioned” contribution to both the visual arts and British society, as well as their enduring influence. The announcement of the new banknote was made at the Turner Contemporary gallery in Margate. The announcement was made jointly by Carney and the artist Tracey Emin, who grew up in the town. Carney said it had been “so important to get this right and have a proper process that involved the public.” He added that banknotes are not only a practical necessity – they “can be a piece of art in everyone’s pocket”. “The fact that we will have Turner on the £20 note shows that the British people are a nation of people who appreciate creativity and appreciate the arts,” said Emin. The note will show Turner’s 1799 self-portrait, as well as one of his most famous works, The Fighting Temeraire, the ship that played an important role in Nelson’s victory at the Battle of Trafalgar in 1805. The note will also contain a quote from the artist – “light is therefore colour” – as well as his signature. The signature is from his will, in which he left many of his paintings to the nation. Historical figures were first shown on banknotes in 1970. Turner joins Winston Churchill and Jane Austen as the significant figures who will feature on the new polymer notes – a plastic-type material – Churchill on the £5 and Austen on the £10 note. The new £20 note will be available by 2020. Turner was born in 1775 in London, the son of a barber, and he entered the Royal Academy Schools at the age of 14. In 1786, when he was sent to Margate, his love of painting and drawing the north-east Kent coast began. He returned to that coast throughout his life and it was where he painted some of his most dramatic oils and watercolours. He described its skies as “the loveliest in all Europe”. Turner was a very prolific artist – he produced more than 550 oil paintings and 2,000 watercolours in his lifetime. His life was also the subject of a film, in 2014, by Mike Leigh, with Timothy Spall as the artist. Victoria Pomery, the director of Turner Contemporary, said: “The decision to celebrate JMW Turner, one of the greatest technical pioneers in the history of British art, is extraordinary. It has proven that Turner is the nation’s favourite artist.”",1,542,2,Advanced,False,Short
WNL Kiruna,Intermediate,"Cities don’t often decide to pack their bags, get up and move down the road. But that’s exactly what Kiruna, an Arctic town in northern Sweden, has to do – to avoid being swallowed up into the earth. “It’s a terrible choice,” says Krister Lindstedt of White, the Swedish architects company that is managing the biblical task. They have to move this city of 23,000 people away from a gigantic iron-ore mine that is fast swallowing up the ground beneath its streets. “Either the mine must stop digging, creating mass unemployment, or the city has to move.” Founded in 1900 by the state-owned Luossavaara-Kiirunavaara mining company (LK), Kiruna has grown rich off the vast amount of iron ore that is below the town but it’s now facing destruction by exactly the thing that made it rich. “The town is here because of the mine,” says Deputy Mayor Niklas Siren. “Otherwise, no one would have built a city here.” Located 145km inside the Arctic Circle, Kiruna has a brutal climate. It has winters with no sunlight and average temperatures below -15C. But the iron ore has kept people here. It has become the world’s largest underground iron-ore mine. It produces 90% of all the iron in Europe, enough to build more than six Eiffel Towers a day. And demand continues to grow. In 2004, the mining company told the town that its days were numbered: digging its shafts towards the city at an angle of 60 degrees, subsidence would soon lead to buildings cracking and collapsing. Ten years later, cracks are starting to appear in the ground, and they are creeping closer and closer to the town. “The people of Kiruna have been living in limbo for ten years,” says Viktoria Walldin, a social anthropologist who works with the architects. “They have put their lives on hold, unable to make major decisions like buying a house, redecorating, having a child or opening a business.” After years of dithering, the city finally has a plan for how it will proceed. Lindstedt has a plan that shows the town’s streets and squares beginning to crawl eastwards along a new high street, until the whole place has moved safely away from the mine by 2033. A new town square is already being built, 3km to the east, with a circular town hall planned by Danish architect Henning Larsen. Twenty other key buildings will be dismantled and put together piece by piece in their new home – like an Ikea flatpack on a bigger scale. Kiruna’s red wooden church, built in 1912 and once voted Sweden’s most beautiful building, will take pride of place in a new park, and the bell tower will stand once again above the town hall. But not everything will be saved. “I spoke to an old lady who walks past the bench every day where she had her first kiss,” says Walldin. “It’s things like that – the hospital where your first child was born, for example – that are important to people and all that’s going to disappear.” Called “the most democratic move in history”, the project will get £320m from the mining company for building new facilities, including a high school, fire station, community centre, library and swimming hall. But the biggest worry for most people is where they will actually live and how they will get a house or flat. “People are used to very low rents and very high incomes but, in future, this will have to change” says Lindstedt. LK has agreed to compensate residents to the value of their homes plus 25% but many locals say this is not enough to afford a new-build house. A closer look at the plan shows the new town does not look like the original Kiruna at all. The current town has winding streets and detached houses with gardens. White’s plan has multi-storey apartment blocks around shared courtyards in long straight streets. It is an opportunity, say the architects, for Kiruna to “reinvent itself” into a town that will attract young people. There will be new cultural facilities and “visionary” things such as a cable car above the high street. But it is a vision that many of the existing residents will probably not be able to afford.",1,710,2,Advanced,False,Long
WNL Making a killing,Intermediate,"James Bond films are one of the world’s longest running and most successful film series, with 23 movies and more than $6bn earned at box offices around the world. But James Bond shows no signs of slowing down. In fact, Bond is more popular than ever, after the record-breaking performance of Skyfall, which became the biggest ever film at the UK box office in 2012, earning a total of $1.1bn. For this reason, there was a lot of interest surrounding the announcement of a few more details about the 24th Bond film – especially its official title, Spectre. The number one question is: can Spectre repeat Skyfall’s success? Charles Gant, film editor for Heat magazine, says it is heading in the right direction. “Skyfall was a brilliant strategic move,” he says. “It was simultaneously modern and retro. It appealed to fans of Daniel Craig and it also engaged the older, more nostalgic Bond fans, who may have lost interest over the previous few films. With the new title,” he adds, “it is certain to be a success.” It seems that Eon Productions, the company originally founded in 1961 to make Dr No and that is behind all the “official” Bonds, is doing all it can to ensure another success – they are installing the key creative talent behind Skyfall on Spectre. Daniel Craig will play Bond at least until film 25 and the same writers have produced the script. But it’s getting Sam Mendes as director again that gives Bond fans the most hope. A director mainly known for character studies such as American Beauty and Revolutionary Road, Mendes has taken the Bond series to new heights. Gant says: “Mendes managed to engage with both the modern and the traditional Bond audience, and he also attracted top actors like Ralph Fiennes. Actors like Fiennes will only agree to be in a film if they like the director.” Though the Bond series was not in trouble before Mendes’s arrival – and Craig’s – there was a certain amount of staleness towards the end of Pierce Brosnan’s time as Bond. The series had survived the drying up of original Bond stories to adapt, and the movies were no longer anything like the Ian Fleming originals, but they were lacking dynamism. This cycle, however, was nothing new: the history of the Bond series has been one of ebb and flow, revolving most obviously around the lead actor: first, Sean Connery; then, successively, George Lazenby, Roger Moore, Timothy Dalton, Brosnan and, now, Craig. Each new Bond has been a response to the state of the series, and some have been more successful than others. Lazenby only lasted a single film and Dalton’s two efforts, The Living Daylights and Licence to Kill, were during a period in the late 80s when the 007 movie was eclipsed by more aggressive, slick Hollywood action movies. According to Gant, “the period of Roger Moore’s last films, and the Dalton period, didn’t really excite audiences. Brosnan was more successful commercially, but Craig has taken Bond to new levels. On the other hand, the early Bonds were incredibly commercial films, sexy and exciting, and there was very little like them.” Skyfall made more money than all the other Bond films. However, the performance of some of the 1960s films was almost as brilliant by comparison. If you adjust the figures for inflation, the 1965 release, Thunderball, is only just below Skyfall, while Goldfinger and You Only Live Twice both did better than the other Craig films (and the 70s Bonds, The Spy Who Loved Me and Live and Let Die, did better, too). By this calculation, Licence to Kill is the worst-performing of all Bonds, with Moore’s final film, A View to a Kill, the second least successful. Nevertheless, the Bond brand has remained very powerful over the years and Eon has had to fight off attempts by rival companies to capitalize on the popularity of the series. Through a quirk of rights ownership, adaptations of Casino Royale (in 1967) and Thunderball (as Never Say Never Again, in 1983) were released in competition with Eon productions. After legal disputes that continued for many years, Eon now has full control of both books. Martin Campbell was another experienced British director and he was able to plan one of the most elaborate stunts in Bond history. In the famous opening scene of Goldeneye (released in 1995), Bond freefalls into a pilotless light aeroplane. This scene really helped modernize the series and increase its popularity. Moreover, a whole new generation was reached through a hugely successful Goldeneye video-game spin-off, which made a significant contribution to perceptions that the Bond film was no longer stale and old-fashioned.",1,783,2,Advanced,False,Long
WNL Mirrors,Intermediate,"A mirror that sends heat into cold space has been designed by scientists to replace air-conditioning units that keep buildings cool on Earth. Researchers believe the mirror could slash the amount of energy used to control air temperatures in business premises and shopping centres because they wonÕt need to use cooling systems. Around 15% of the energy used by buildings in the USgoesonairconditioningbuttheresearchersÕ say that, in some cases, the mirror could completely offset the need for extra cooling. In a rooftop comparison in Stanford, California, scientists found that a roof that had been painted black reached 60C more than the air temperature in sunlight and aluminium reached 40C more. However, the mirror was up to 5C cooler than the surrounding air temperature. ÒIf you cover signi cant parts of the roof with this mirror, you can see how much power it can save. You can signi cantly offset the electricity used for air conditioning,Ó said Shanhui Fan, an expert in the study of light at Stanford University, who led the development of the mirror. ÒIn some situations, you will be able to completely offset the air conditioning.Ó Buildings warm up in a number of different ways. Hot-water boilers and cooking areas release heat into their immediate surroundings. In hot countries, warm air comes in through doors and windows. Then, there is visible light and infrared radiation from the sun, which also heat up buildings. The Stanford mirror was designed to re ect 97% of the visible light that falls on it. But, more importantly, it works as a thermal radiator. When the mirror is warmed up, it releases heat at a speci c wavelength of infrared light that passes easily through the atmosphere and out into space. To make anything cool, you need what engineers call a heat sink: somewhere to put unwanted heat. The heat sink has to be cooler than the object that needs cooling or it will not do its job. For example, a bucket of ice will cool a bottle of wine because it becomes a sink for heat in the liquid. The Stanford mirror relies on the best heat sink: the universe itself. The mirror is built from several layers of very thin materials. The rst layer is re ective silver. On top of this are layers of silicon dioxide and hafnium oxide. These layers turn the mirror into a thermal radiator. When silicon dioxide heats up, it radiates the heat as infrared light at a wavelength of around ten micrometres and the heat passes straight out to space. The total thickness of the mirror is around two micrometres or two thousandths of a millimetre. ÒThe cold darkness of the universe can be used as a renewable thermodynamic resource, even during the hottest hours of the day,Ó the scientists write in Nature. In tests, the mirror had a cooling power of 40 watts per square metre at outside temperatures. Writinginthejournal,Fansaysthatthecostofthe mirrors is between $20 and $70 per square metre. He calculates an annual electricity saving of 100MWh on a three-storey building. Fan said that the mirror could cool buildings but he said that the mirrors would not slow down global warming. ÒRoof space is only a small portion of the EarthÕs surface so the mirror is not a solution to the problem of global warming. But our mirror will help limit greenhouse gas emissions by reducing electricity consumption,Ó he said. ÒIÕm really excited by the potential it has,Ó said Marin Solja__i__, a physicist at the Massachusetts Institute of Technology. ÒYou could use this on buildings and spend much less money on air conditioning or maybe you wouldnÕt need it at all. You could put it on top of shopping malls.Ó ÒIÕm really excited by the potential it has,Ó said Marin Solja__i__, a physicist at the Massachusetts Institute of Technology. ÒYou could use this on buildings and spend much less money on air conditioning or maybe you wouldnÕt need it at all. You could put it on top of shopping malls.Ó ÒIÕm really excited by the potential it has,Ó said Marin Solja__i__, a physicist at the Massachusetts Institute of Technology. ÒYou could use this on buildings and spend much less money on air conditioning or maybe you wouldnÕt need it at all. You could put it on top of shopping malls.Ó",1,715,2,Advanced,False,Long
WNL Novel way,Intermediate,"Governments across Europe dream of nding a magic solution to rising unemployment. But, in the hardest-hit parts of the EU, unemployment continues to rise and the talk does little to reduce the number of people without work. Now, in a corner of Italy, one mayor thinks he has found an answer to his townÕs serious lack of work. Valter Piscedda, the mayor of Elmas, a small town near SardiniaÕs capital, Cagliari, wants to pay residents to leave. The council will pay for ten unemployed locals to take intensive English lessons, get on a cheap ight and look for jobs elsewhere in Europe. ÒThis idea is a result of common sense and experience,Ó the mayor told the Guardian. ÒOver the past year and a half Ð especially in the past few months Ð I have been seeing young people, almost every day, who are despairing about their search for work. Some ask for help in nding it here. Others have tried everything and are so discouraged that they no longer want to stay and wait. And they want to go and gain work experience abroad; life experience, too. ÒSo, my idea was this: put everything in place so that those who want to gain experience abroad are able to,Ó he said. As the national economy continues to falter, Sardinia, along with much of southern and central Italy, is struggling with high unemployment. Unemployment was at 17.7% in the second quarter of 2014, according to ItalyÕs National Institute of Statistics, Istat. More than 54% of people under 25 are out of work. For the Adesso Parto (Now IÕm leaving) programme, ElmasÕs council will give Û12,000 on a rst-come, rst-served basis to applicants aged between 18 and 50. They just have to be out of work and have lived in the town for three years. They do not have to be university educated and their annual income must be no more than Û15,000. The idea of encouraging people to leave is sensitive at a time when huge numbers of Italians Ð many of them bright young graduates Ð are leaving their country every year. But Piscedda, who belongs to the Democratic Party of the Prime Minister, Matteo Renzi, believes that the people he is sending away might return Òand give me back 100 times what they were givenÓ. More importantly, he wants the scheme to help those most in need. ÒItÕs a programme for those with no other resource; itÕs the last-chance saloon. It will allow them the dignity of not having to ask a friend for money or put burdens on families,Ó he said. Earlier in 2014, he added, the council launched a scheme for businesses Ð they were given nancial incentives to hire young workers from Elmas. ÒWe advertised 20 of these positions,Ó he said. ÒWe got 120 applications.Ó In Elmas, the scheme has got mixed reactions. ÒThe reality is that there is little work here,Ó said Alessandro Macis. ÒThe opportunity to go abroad to learn about the workplace and experience other cultures can be very worthwhile. The son of a friend of mine who didnÕt study much is in London and heÕs really nding his way. He started as a waiter. Now, heÕs a cook and heÕs learning English.Ó Others were perplexed. I heard about it but I thought it was strange. If you have that money to pay for people to go away, why dont you use that money to keep them here? said Consuelo Melis, who works behind the bar in a local cafe. On Twitter, one of many reactions was disbelief. The states admission of defeat, commented Marco Patavino. Institutions are raising the white ag, remarked Carlo Mazzaggio. Piscedda, however, says of his online critics: ÒProbably, they are people that arenÕt in need ... Every day, I deal with peopleÕs problems and I have to do something to try to solve them. These people, if they had an alternative, they wouldnÕt be asking for help. ÒThe work I can create, as mayor, is temporary. I can have a piazza cleaned. I can have it cleaned again. I can have the streets cleaned. But these are all temporary things that give nothing beyond that little bit of money for a few months. I want to go beyond that.Ó",1,710,0,Elementary,False,Long
WNL On the trail,Intermediate,"Robert Mys_ajek stops. Between two paw prints on a muddy mountain track, the scientist nds what he is looking for. ÒDroppings!ÕÕ he says happily. It is so rare to see a wolf that seeing faeces makes it a good day. But it is getting easier. There are now about 1,500 wolves in Poland. The number has doubled in 15 years. Wolves are Ð along with the brown bear, the lynx and the wolverine Ð EuropeÕs last large predator carnivores. Conservationists from Britain, Germany and the Netherlands are coming here to nd out how the country has saved wolves who are criticized even in fairy tales. Bits of bone and hair stick out from the black faeces. ÒIt ate a red deer,ÕÕ says Mys_ajek, the University of Warsaw biologist. ÒIn my lab, I can tell you all about this wolf Ð not only its diet but its gender, sexual habits, age, state of health and family connections.ÕÕ DNA tests have shown that Polish wolves are travellers. ÒOne wolf reached the Netherlands, where unfortunately it was hit by a car. They have a very big range. They need space. The average territory required by a Polish pack is 250 square kilometres,ÕÕ says Mys_ajek. ÒCan we ever reintroduce wolves to Scotland?ÕÕ asks student Alex Entwisle, 23, on a study trip to southern Poland from the UK. He and other animal science students have spent the day looking for droppings and paw prints in the Beskidy mountains of the Polish Carpathians. Their hot discussion topic is whether to reintroduce wolves to the British Isles for the rst time since the 18th century. Mys_ajek toured the Scottish Highlands in 2015 for the Wolves and Humans Foundation and answered questions from villagers about the Polish experience. ÒThe big difference between Scotland and Poland is that we eat pork. We do not have many sheep here. ÒThe similarity is that we have a lot of animals Ð 300,000 red deer and more than 800,000 roe deer. In Poland, we also have too many wild boar Ð about 200,000 Ð and these are eating and destroying farmersÕ cereal crops. Here, wolves are part of the solution,ÕÕ he says. The scientist says wolves can move up to 30 kilometres during a single hunt. ÒThe Beskidy pack is a strong unit, eight or nine animals. This year, we have recorded ve cubs, two young wolves and two adults. ÒWe track them using motion cameras in the forest and by following their prints in the mud and snow. In each family group, only one pair of adults has cubs each year. All pack members care for the young.ÕÕ Mys_ajek, the son of a shepherd, doesnÕt understand wolvesÕ bad reputation. ÒWhy did we have to have the fairy tale Little Red Riding Hood, with its big bad wolf?Õ He is fascinated by these aloof animals who remained in the wild 33,000 years ago when others decided on a much more comfortable life as domestic dogs. Mys_ajek says only scienti c arguments Ð the need to regenerate forests and control the wild animal population Ð can save EuropeÕs wild carnivores, especially the unpopular wolf. ÒNatural predators balance the ecosystem. They reduce the number of herbivores, which allows trees to grow tall for birds to nest in.ÕÕ The ban on wolf hunting in the western Carpathians became law in 1995 and in the whole of Poland in 1998. There are now wolf packs in nearly all the countryÕs major forests where the wolves coexist with humans. The Polish government pays compensation for farm animals killed by wolves. Mys_ajek advises farmers to put up electric fences. He has helped bring back the use of two deterrents that, for reasons no one understands, wolves nd very scary: strings of small red ags (that you hang around sheep pens) and the Tatra Mountain Sheepdog. PolandÕs wolves have been helped by the countryÕs late infrastructure development. In 1989, when the communists left power, Poland had only one motorway. Major road projects began after Poland joined the European Union in 2004 and they are required to consider wild animals. Attitudes have also changed. ÒFor many years, hunting was cultural. In 1975, there were fewer than 100 wolves in Poland. From the 1950s, hunting wolves was encouraged by the authorities. They paid a reward for killing a wolf worth a monthÕs salary. It was carnage.ÕÕ Mys_ajek says that Polish wolves are much safer now but they are not completely safe. Packs of wolves cross country borders and hunting still happens in neighbouring Russia, Lithuania, Belarus, Ukraine and Slovakia. He says PolandÕs new government, elected in October 2015, doesnÕt like wolves. ÒThe Environment Minister, Jan Szyszko, is a hunter. There are 120,000 licensed hunters in Poland and they have a lot of in uence. ÒBeing a wolf advocate is not easy. You canÕt argue to the politicians that wolves are a big tourist attraction. Most tourists want to see the animals but wolves stay away from humans. They have a very sensitive sense of smell.ÕÕ The 12 British animal science students leave the Polish Carpathians without seeing a wolf. Entwisle does not believe that Scotland will ever be able to match PolandÕs success. ÒIt would be amazing for the environment to have wolves back in Scotland because of the problem of too many deer. But it would just not be possible because of the roads and sheep. ÒThere would be problems with farmers, too. In Britain, we like predators to be far away and to watch them on television,ÕÕ said Entwisle.",1,920,0,Elementary,False,Long
WNL Planet,Intermediate,"According to a new scientific study, temperature rises caused by uncontrolled global warming could be at the high end of current estimates. The scientist who led the research said that, unless emissions of greenhouse gases are reduced, the planet will heat up by a minimum of 4C by 2100. This is twice the level the worldÕs governments consider to be dangerous. The research indicates that fewer clouds form as the planet warms, which means less sunlight is reflected back into space. This forces temperatures up even higher. The way clouds affect global warming has been the biggest mystery in the study of future climate change. Professor Steven Sherwood, at the University of New South Wales in Australia, who led the new work, said that the study broke new ground in two ways. First, it identified what controls the cloud changes and, second, it rejected the lowest estimates of future global warming and favoured the higher and more damaging estimates. Ò4C would be catastrophic rather than simply dangerous,Ó Sherwood said. ÒFor example, it would make life difficult, if not impossible, in much of the tropics and would guarantee the eventual melting of the Greenland ice sheet and some of the Antarctic ice sheetÓ, with sea levels rising by many metres as a result. The research reduces the uncertainty about how much warming is caused by rises in carbon emissions, according to scientists commenting on the study, published in the journal Nature. Experts at JapanÕs National Institute for Environmental Studies said the explanation of how fewer clouds form as the world warms was ÒconvincingÓ and agreed that this indicated future climate change would be greater than expected. Scientists measure the sensitivity of the EarthÕs climate to greenhouse gases by estimating the temperature rise that would be caused by a doubling of CO2 in the atmosphere compared with pre-industrial levels Ð which is likely to happen within 50 years. For two decades, those estimates have run from 1.5C to 5C: wide range. The new research narrowed that range down to between 3C and 5C, by closely examining the biggest cause of uncertainty: clouds. Computer climate models are the only tool researchers have to predict future temperatures and it was important to make sure that the way clouds are formed was represented accurately in those models. When water evaporates from the oceans, the vapour can rise over nine miles to form rain clouds that reflect sunlight; or, it may rise just a few miles and drift back down without forming clouds. In reality, both processes happen and climate models that included the second possibility predicted significantly higher future temperatures than models that only included the nine-mile-high clouds. ÒClimate sceptics like to criticize climate models for getting things wrong and we are the first to admit they are not perfect,Ó said Sherwood. ÒBut what we are finding is that the mistakes are being made by the models that predict less warming, not those that predict more.Ó He added: ÒSceptics may also point to the ÔhiatusÕ of temperatures since the end of the 20th century, but there is increasing evidence that this hiatus is not seen in other measures of the climate system and is almost certainly temporary.Ó Global average air temperatures have increased quite slowly since a high point in 1998, which was caused by the ocean phenomenon El Nin_o. But, observations show that heat is continuing to be trapped in increasing amounts by greenhouse gases, with over 90% disappearing into the oceans. Furthermore, a study in November 2013 suggested the ÒpauseÓ may be mainly an illusion Ð a result of the lack of temperature readings from polar regions, where warming is greatest. Sherwood accepts his teamÕs work on the role of clouds cannot definitely rule out that future temperature rises will be at the lower end of projections. But, for that to be the case, there would need to be some major missing ingredient for which there is currently no evidence. He added that a 4C rise in global average temperatures would have a serious impact on the world and the economies of many countries if emissions were not reduced.",1,686,2,Advanced,False,Long
WNL Shocking,Intermediate,"What surprised researchers was not how hard people found the challenge but how far they would go to avoid it. The task? To sit in a chair and do nothing but think. Some found it so unbearable that they took the safe but alarming opportunity to give themselves mild electric shocks to break the tedium. Two-thirds of men pressed a button that gave them a painful shock during a 15-minute period of solitude. Under the same conditions, a quarter of women pressed the shock button. The difference, scientists suspect, is that men are typically more sensation-seeking than women. The report from psychologists at Virginia and Harvard Universities tries to answer the question of why most of us nd it so hard to do nothing. In more than 11 separate studies, the researchers showed that people hated being left to think, regardless of their age, education, income or the amount of time they spent on smartphones or social media. Timothy Wilson, who led the work, said the ndings were not necessarily due to the pace of modern life or the spread of mobile devices and social media. Instead, those things might be popular because of our constant need to do something rather than nothing. In the rst experiments, students were taken Ð alone, without phones, books or anything to write with Ð into a room and told to think. The only rules were that they had to stay seated and not fall asleep. They were told that they would have six to 15 minutes alone. The students were questioned when the time was up. On average, they did not enjoy the experience. They struggled to concentrate. Their minds wandered even with nothing to distract them. In case the unfamiliar setting reduced the ability to think, the researchers did the experiment again with people at home. They got similar results. In fact, people found the experience even more miserable and cheated by getting up from their chair or checking their phones. To see if the effect was found only in students, the scientists tested more than 100 other people, aged 18 to 77, from a church and a farmersÕ market. They also disliked being left to their thoughts. But, the most surprising result was yet to come. To check whether people might actually prefer something bad to nothing at all, the students were given the option of giving themselves a mild electric shock. They had been asked earlier to say how unpleasant the shocks were, compared to other options, such as looking at pictures of cockroaches or hearing the sound of a knife rubbing against a bottle. All the students chosen for the test said they would pay to avoid mild electric shocks. To the researchersÕ surprise, 12 of 18 men gave themselves up to four electric shocks and six of 24 women did the same. The scientists said that the most surprising thing was that being alone with their thoughts was so hard for many people that they gave themselves an electric shock Ð something the participants had earlier said they would pay to avoid. Jessica Andrews-Hanna at the University of Colorado said many students would probably give themselves an electric shock to cheer up a tedious lecture. But, she says we need to know more about the motivation of the shockers in WilsonÕs study. ÒImagine Ð a person is told to sit in a chair with wires attached to their skin and a button that will deliver a harmless but uncomfortable shock, and they are told to just sit there with their thoughts,Ó she said. ÒAs they sit there, their mind starts to wander and it naturally goes to that shock Ð was it really that bad?Ó",1,617,2,Advanced,False,Short
WNL Six year olds,Intermediate,"They may not know who Steve Jobs was or even how to tie their own shoelaces, but the average six-year-old child understands more about digital technology than a 45-year-old adult, according to a new report. The arrival of broadband in the year 2000 has created a generation of digital natives, Ofcom (which checks standards in the UK communications industries) says in its annual study of British consumers. Born in the new millennium, these children are learning how to operate smartphones or tablets before they are able to talk. ÒThese younger people are shaping communications,Ó said Jane Rumble, who is head of media research at Ofcom. ÒAs a result of growing up in the digital age, they are developing completely different communication habits from older generations, even compared to the 16-to-24 age group.Ó 800 children and 2,000 adults took OfcomÕs Òdigital quotientÓ, or DQ, test, which attempts to gauge awareness of and self-con dence around gadgets from tablets to smart watches, knowledge of superfast internet, 4G mobile- phone networks and mobile apps. Among 6- to 7-year-olds, who have grown up with YouTube, Spotify music streaming and online television, the average DQ score was 98, higher than for those aged between 45 and 49, who scored an average of 96. Digital understanding peaks between 14 and 15 years old, with a DQ of 113, and then drops gradually throughout adulthood, before falling rapidly in old age. People can now test their digital knowledge with a short version of the questionnaire that will give anyone a DQ score, along with advice on how to improve their understanding and protect themselves and their families online. The ways in which millennial children contact each other and consume entertainment are so different from previous generations that forecasters now believe their preferences to be a better indication of the future than the preferences of trendsetting young adults. The most remarkable change is in time spent talking by phone. Two decades ago, teenagers spent their evenings monopolizing the home telephone line, talking about love affairs and friendships in conversations that lasted for hours. For those aged 12 to 15, phone calls account for just 3% of time spent communicating through any device. For all adults, this rises to 20% and, for young adults, it is still three times as high at 9%. TodayÕs children do the majority of their remote socializing by sending written messages or through shared photographs and videos. ÒThe millennium generation is losing its voice,Ó Ofcom claims. Over 90% of their device-time is message based, chatting on social networks like Facebook, sending instant messages through services like WhatsApp or even sending traditional mobile- phone text messages. Just 2% of childrenÕs time using devices is spent emailing, compared to 33% for adults. Away from their phones, 12- to 15-year-olds have a very different relationship with other media, too. A digital seven-day diary shows live television accounts for just half of viewing for this age group, compared to nearly 70% for all adults. They spend 20% of their time viewing short video clips, for example on YouTube, or news clips on Facebook and other social sites. The rest of their viewing is shared between DVDs, streamed content through Net ix or iTunes and recorded television programmes. Young adults aged 16 to 24 are big media consumers. However, they consume hardly any live radio or print-based media. Younger people are also moving away from live television and moving to streaming and catch- up services. Even among adults, television is becoming less important. Television viewing among 16- to 24-year-olds has been dipping each year since 2010, but 2013 was the rst year that researchers found that viewing fell in all age groups. The theory is that easy-to-use tablet computers with large screens have brought many older people online.",1,629,2,Advanced,False,Short
WNL Spain Robin Hood,Intermediate,"They call him the Robin Hood of the banks, a man who took out many loans worth almost half a million euros with no intention of ever paying them back. Instead, Enric Duran gave the money to projects that created and promoted alternatives to capitalism. After 14 months in hiding, Duran is unapologetic, even though his activities could put him in jail. ÒIÕm proud of what I did,Ó he said in an interview by Skype from a secret location. From 2006 to 2008, Duran took out 68 commercial and personal loans from 39 banks in Spain. He gave the money to social activists, who used it to pay for speaking tours against capitalism and TV cameras for a media network. He said he saw that these social movements were building alternatives but that they didnÕt have enough money. ÒMeanwhile, constant growth was creating a system that created money out of nothing.Ó The loans he swindled from banks were his way of regulating and denouncing this situation, he said. He started slowly. ÒI lled out a few credit applications with my real details. They said no, but I just wanted to understand what they were asking for.Ó From there, the former table-tennis coach began to set up a confusing web of accounts, payments and transfers. ÒI was learning constantly.Ó By the summer of 2007, he had discovered how to make the system work Ð he applied for loans under the name of a false television production company. ÒThen, I managed to get a lot.Ó Û492,000, to be exact. Duran was arrested in Spain in 2009, on charges brought against him by six of the 39 banks that had lent him money. He spent two months in prison before being let out on Û50,000 bail. In February 2013, threatened with up to eight years in prison, he decided to ee rather than stand trial because, he said, he doesnÕt recognize the authority of the judicial system. His actions, he said, were an important part of a worldwide debate on the economic crisis. The timing pushed the anti-capitalist movement into the light, just as many Spaniards were looking for alternatives to a system that has caused chaos in their lives. In todayÕs Spain, the anti-capitalist movement, and groups such as the Indignados, are supported by thousands of Spaniards. Duran is now widening his focus to include SpainÕs justice system, by promoting restorative justice. ÒThe people in Spain who believe that banks donÕt work, they think that I donÕt owe anything. IÕve already done my work,Ó he said. ÒBut there is a part of a population that is not in agreement with us and I think I should respond to that.Ó In his case, he said, he could offer banks the insight he got from years of obtaining bank loans fraudulently. He could share his thoughts on Òwhich best practices work and the bad ones that donÕt,Ó he suggested, Òfor the general population and for bank workersÓ.",1,493,2,Advanced,False,Short
WNL Still no flying cars,Intermediate,"We may not yet be living in an age of ying cars, as predicted in the 1985 lm Back to the Future II, but the rise of smartphones and other new technologies is creating a reality that is just as exciting and almost as far-fetched. Experts agree that economic and demographic changes, technological advances, and environmental concerns are fundamentally changing transportation. ÒItÕs a very dynamic time,Ó said transport expert Robert Puentes. ÒThereÕs a tighter connection between transportation and the economic health of cities and its impact on people.Ó As the transport infrastructure grows old, cities across the US are forced to rede ne what transportation is. Urban planners, transportation experts and scientists are now realizing that old methods focused on reducing traf c congestion arenÕt enough to solve problems like population growth and carbon emissions, and transportation is now a key part of protecting the environment. Big US cities like Los Angeles and Chicago are working to make better use of their streets by adding more bus lanes and pedestrian walkways, and expanding rail networks. At the same time, they are working on advanced technologies that will allow a vehicle to drive itself and communicate with other vehicles and its environment. ÒThe most sustainable places to live are places that have multi-modal transport systems,Ó Puentes said Here are three key ideas that experts predict will in uence transportation in the coming years. Connectivity Ride-sharing services like Uber Ð taxis booked via smartphone Ð and apps like Waze, which uses real-time traf c data to nd the quickest routes for drivers, are dramatically changing how people move around and affecting the way traf c moves through a city. Communication between riders and drivers, between different vehicles and between cars and infrastructure is bringing transportation into a new era, according to Allan Clelland, an expert on transportation technology. According to a recent study, car travel has reduced among people born in the 1990s compared to previous generations. According to the study, people born in the 1990s are making 4% fewer car trips and travelling 18% fewer miles per year, on average, than members of previous generations did at the same stage in their lives. People still driving cars are dealing with less traf c thanks to Waze. Experts say the traf c app has reduced congestion on motorways and reduced travel times for drivers. But it has also led to a problematic rise in cars moving through residential neighbourhoods. This trend could continue as vehicle-to-vehicle data communication, as well as communication between vehicles and the surrounding infrastructure, grows. Currently, a traf c light knows when a car is getting close but thatÕs all. Companies are working to develop technology that will allow a vehicle to tell traf c control systems not only that it is present but also where it is going and how fast it is travelling. Automation Driverless cars have been in the headlines ever since Google began road testing the vehicles back in 2012 but no-one really knows when driverless cars will become commonplace. However, the partial automation of cars is already underway. Automation will probably happen in stages: rst, there might be automated buses with their own lanes, then perhaps lorries in ports or mining towns: that is, vehicles that are connected electronically and travel in single le. The idea of a fully automated transportation system is intriguing because it could improve safety by removing human error. It could also help reduce carbon emissions and traf c congestion, and allow more people access to cars. But, even if driverless technology were ready to use now, it would take a long time to get fully automated because the average age of cars on the road is 11.5 years old. To see what driverless cars might look like in action, go to the video at: vimeo.com/37751380. Environmental concern As the world races to avoid catastrophic climate change and countries and cities work to meet ambitious emissions goals, these policies could also have a big effect on the future of transportation. Concern about the environment could lead to everything from zero- and low-emission vehicles to apps that encourage more walking, biking and carpooling. When considering the future of transportation, itÕs also important to keep in mind why people travel: they may be going to work, to meet friends or family, or to do the shopping. Technologies that reduce the need for those trips Ð for example, virtual meetings or telecommuting Ð could also have a big effect on transportation. In the past, the idea of a ying car represented the best in innovation but the technologies that people are imagining and developing now are possibly even more sophisticated Ð and more useful in solving the social and environmental problems that we face in the coming decades.",1,795,2,Advanced,False,Long
WNL The last,Intermediate,"What is it like to look at the last of something? Sudan is the last male northern white rhino on the planet. If he does not mate successfully soon with one of two female northern white rhinos at Ol Pejeta Conservancy in Kenya, there will be no more rhinos like them, male or female, born anywhere. And thereÕs not much chance because Sudan is getting old at 42 and breeding efforts have so far failed. Apart from these three animals, there are only two other northern white rhinos in the world, both in zoos, both female. It seems an image of human tenderness that Sudan is lovingly guarded by armed men who stand with him. But, of course, it is an image of brutality. Sudan is under threat from poachers who kill rhinos and cut off their horns to sell them for medicine in Asia. Sudan is still in danger even though he has had his horn cut off to deter the poachers. Sudan doesnÕt know how precious he is. His eye is a sad black dot in his massive wrinkled face as he wanders the reserve with his guards. His head is a marvellous thing. It is a majestic rectangle of strong bone and leathery esh, a head of pure strength. How terrible that such a powerful head can, in reality, be so vulnerable. Sudan does not look so different from the rhinoceros that Albrecht Durer portrayed in 1515. Durer was a Renaissance artist picturing an exotic beast from exotic lands. In 1515, a live Indian rhinoceros was sent by the ruler of Gujarat in India to the king of Portugal. The king sent it to the Pope but, on the way, the ship sank and it died. Human beings Ð we always kill the things we love. We have been doing so since the Ice Age. There are beautiful pictures of European woolly rhinos in caves in France that were painted up to 30,000 years ago. These ancient relatives of Sudan share his power and his gentle appearance. A woolly rhino in Chauvet Cave seems agile and young, a creature full of life. But the same people who painted such sensitive portraits of Ice Age rhinos helped to kill them off. Today, many people really love rhinos but they are being killed in greater and greater numbers. The northern white rhino is the rarest species of African rhino. There are more southern white rhinos and black rhinos. But the demand in some countries for rhino horn as a traditional medicine is increasing the poaching. Many people believe that rhino horn can cure everything from u to cancer. In 2007, 13 rhinos were killed by poachers in South Africa. In 2014, 1,215 rhinos were killed for their horns in South Africa. The vulnerable northern white rhino has been hunted very nearly to extinction Ð in spite of every precaution, in spite of the guards and their guns. Other varieties of African rhino are being hunted by poachers Ð the situation is totally out of control. The Javan rhinoceros is also on the verge of extinction. India has successfully protected the Indian rhinoceros but here, too, poaching is a problem. What a majestic creature Sudan is. Have we learned nothing since the Ice Age?",1,544,2,Advanced,False,Short
WNL The lightweight,Intermediate,"Cathal Redmond was swimming off the Greek coast and he was sure he had taken some great photos of colourful sh with his rst underwater camera. But, when he looked at the results later, the photos were brown and murky. He took the pictures while holding his breath underwater and blamed the limited time he had to set up the shots. All he needed, he thought, was a little more time to photograph the sh in their natural environment. He decided to invent something to make that little extra time a reality and the result is his invention of the Express Dive Ð a re llable air storage device, which is held in the mouth and lets people swim underwater for two minutes. It bridges the gap between snorkelling, with its limitations, and scuba diving, which gives divers the freedom to breathe underwater but requires heavy and expensive gear. The prototype of the invention looks like a combination of a scuba mouthpiece and a water bottle. ÒI wanted to enable people to do more. So, rather than just go underwater and spend 30 seconds holding their breath, I wanted people to do a little bit more,Ó says Redmond, 27. In 2006, the Irish designer completed a scuba-diving course and loved the feeling of being able to breathe underwater and observe sh in their natural environment. Less enjoyable, however, was all the equipment he needed ÒI was very aware of the fact that I had about 50kg of equipment on me and going under the water felt strange when you are used to trying to keep yourself at the surface. It was a very surreal experience,Ó he says. ÒThe real problem is that scuba diving is very limiting. Although it allows you to stay underwater for longer, you have to plan your whole day around it. You have 20kg to 50kg of gear with you Ð you canÕt be walking on the beach and decide you want to go in. Planning is a very big part of it.Ó It was during a nal-year project for his product design degree that Redmond produced the Express Dive. The device has two main parts. When above the surface, the unit sucks in air through a vent in the mouthpiece. The air is compressed through valves and stored in the tank. The tank has a light that ashes green when it is full. When air is no longer being taken in, the vent shuts off and, as the person dives, air is fed back via the mouthpiece. The light turns from green to red when the air start to run out. The device can take in enough air for two minutes of diving and takes approximately the same amount of time to re ll. ÒWhen you put the compressor into the unit with all of the rest of the stuff, the batteries and the electronics, the dif cult thing was to make it small enough so that people could hold it in their mouths,Ó Redmond says. Redmond says the mouthpiece feels similar to using a snorkel. He compares it to an extension of the lungs in that the user is taking a deep breath and then using it underwater. ÒIt is an extension of the bodyÕs ability to store air,Ó he says. The prototype has been tested in parts. Redmond says he has shown that the motor can compress two minutesÕ worth of air into the unit and that the design can be held in the diverÕs mouth. What he has not yet done is test the device on a diver, fully submerged for two minutes. But, with enough testing, Redmond is con dent he can get a fully working device that will not endanger swimmers underwater. The device will probably cost £280, he says, and it is likely to weigh from 1kg to 3kg depending on the safety features needed. To anyone who thinks two minutes of air is no more than a very small improvement on snorkelling, Redmond says it could make a big difference underwater. The typical swimmer can hold their breath for about 40 seconds while underwater, he says. ÒTwo minutes is not a lot of time but it is a lot longer than that,Ó he says.",1,706,2,Advanced,False,Long
Zero Hours,Intermediate,"More than one million British workers might be employed on zero-hours contracts, a new poll shows. This suggests that British businesses are using the controversial employment contracts far more than previously thought. After the results Ð which come from a poll of more than 1,000 employers by the Chartered Institute of Personnel and Development (CIPD) Ð people began asking the government to launch a full inquiry into the use of the contracts. Recently, many organizations Ð from retail chains to Buckingham Palace Ð have been criticized for hiring staff but offering no guarantee of work and pay each week. Employees on zero-hours contracts often get no holiday or sick pay and have to ask permission before looking for additional work elsewhere. The CIPD found that 38% of zero-hours contract workers describe themselves as employed full-time, typically working 30 hours or more a week. One-third of voluntary sector employers use the contracts and one in four public sector organizations. Peter Cheese, from the CIPD, said: ÒThere does need to be a closer look at what is meant by a zero-hours contract. And this needs to consider both the advantages and disadvantages for businesses and employees.Ó Retailer Sports Direct recently became the focus of controversy on zero-hours when it was reported that the company employs around 20,000 of its 23,000 staff on the contracts. The retailerÕs use of the contracts was followed by details of many other companies using the contracts, including cinema chain Cineworld and Buckingham Palace, which uses them for its 350 summer workers. Pub group J D Wetherspoon has 24,000 of its staff Ð 80% of its workforce Ð on zero-hours contracts. Vidhya Alakeson, from the Resolution Foundation, added: ÒIf itÕs true that there are around one million people on zero-hours contracts, then that would be a substantial portion of the workforce Ð this could no longer be dismissed as an issue affecting only a tiny minority.Ó Unions and poverty campaign groups have accused employers of pressuring staff into signing the contracts so that they can avoid their responsibilities and reduce staff bene ts. Dave Prentis, of the trade union Unison, said: ÒThe vast majority of workers are only on these contracts because they have no choice. They may give exibility to a few, but the contracts favour the employers and make it hard for workers to complain.Ó Workers on zero-hours contracts are often only told how many hours they will work when weekly or monthly rotas are created, but are expected to be on call for extra work at short notice. They should get holiday pay, but they do not get sick pay. The charity National Trust, which employs many of its seasonal workers on zero-hours contracts, said it offered the same pay and bene ts to those workers, pro rata, as full-time staff, but needed some workers to be on more exible contracts. ÒWe believe zero-hours contracts are essential in our organization, as we are very weather-dependent,Ó a spokeswoman said. ÒItÕs important to be able to reorganize staff rotas quickly to respond to the weather and zero-hours contracts allow us to do this.Ó Politician Chuka Umunna said the contracts should be the exception to the rule. ÒWhile some employees welcome the exibility of such contracts, for many, zero-hours contracts leave them insecure and unsure of when work will come,Ó he said. Some people have argued that the exibility of zero-hours contracts may have allowed the UK to avoid higher levels of unemployment during the economic crisis. Figures from the poll suggest that 17% of employers in the private sector use zero-hours contracts, considerably lower than the 34% of organizations in the voluntary sector and 24% in the public sector. Industries where employers were most likely to have at least one person on a zero-hours contract were hotels, catering and leisure (48%), education (35%) and healthcare (27%).",1,639,2,Advanced,False,Short
Billionaires,Intermediate,"The huge fortunes made by the world’s richest 100 billionaires are increasing inequality and hindering the world’s ability to tackle poverty, according to Oxfam. The charity said the accumulation of wealth and income often led to a reduction in secure jobs and decent wages for the poorest people. This made it more difficult for people who survive on aid or low wages to improve their situation and escape poverty. Oxfam said the world’s poorest could be taken out of poverty several times over if the richest 100 billionaires would give away the money they made in 2012. Without naming anyone, the charity argued that the $240bn made in 2012 by the richest 100 billionaires would be enough to end extreme poverty four times over. It is unusual for charities to attack the wealthy, because they are usually seen as a source of money. Bill Gates and Warren Buffett are among a group of 40 US billionaires who have said they will give much of their wealth to aid projects, but there is little detail about the level of their annual donations. Russian, Middle Eastern or Chinese billionaires have not promised to do the same. In the report, The Cost of Inequality: How Wealth and Income Extremes Hurt Us All, published just before the World Economic Forum in Davos, the charity asks world leaders to commit to reducing inequality to at least 1990 levels. The report found that the richest 1% had increased their incomes by 60% in the past 20 years. And the financial crisis has sped up, not slowed, the process. Barbara Stocking, Oxfam’s Chief Executive, said studies show that countries suffer low levels of investment and growth as workers are forced to survive on a smaller share of total incomes. She said: “We can no longer pretend that the creation of wealth for a few will benefit the many – too often the reverse is true.” The report said the issue affected all parts of the world. “In the UK, inequality is rapidly returning to levels not seen since the nineteenth century. In China, the top 10% now earn nearly 60% of the income. Chinese inequality levels are now similar to those in South Africa, which is now the most unequal country on Earth.” In the US, the share of national income going to the top 1% has doubled since 1980 from 10 to 20%, the report says. Members of the richest 1% are estimated to cause as much as 10,000 times more pollution than the average US citizen. Oxfam said world leaders should learn from countries such as Brazil, which has grown rapidly while reducing inequality. Stocking said: “We need to reverse decades of increasing inequality. As a first step, world leaders should formally agree to reduce inequality to the levels seen in 1990.” She said closing tax havens, which hold as much as $31 trillion, or as much as a third of all global wealth, could collect $189bn in additional taxes.",1,495,2,Advanced,False,Short
